time,yaw,pitch,roll,gx,gy,gz,f1,f2,f3,f4,f5,p1,p2,p3,p4,p5
0.07703399658203125, 128, 124, 4, 127, 127, 127, 97, 31, 81, 81, 82, 0, 0, 0, 0, 0
0.07706785202026367, 128, 124, 4, 127, 127, 127, 97, 31, 81, 81, 79, 0, 0, 0, 0, 0
0.07708382606506348, 128, 124, 4, 127, 127, 127, 97, 31, 81, 81, 79, 0, 0, 0, 0, 0
0.10727596282958984, 128, 124, 4, 127, 127, 127, 97, 31, 81, 79, 78, 0, 0, 0, 0, 0
0.10945487022399902, 128, 124, 4, 127, 127, 127, 97, 31, 81, 79, 81, 0, 0, 0, 0, 0
0.10962080955505371, 128, 124, 4, 127, 127, 127, 97, 31, 81, 81, 81, 0, 0, 0, 0, 0
0.10963892936706543, 128, 124, 4, 127, 127, 127, 97, 31, 81, 81, 81, 0, 0, 0, 0, 0
0.10965299606323242, 128, 124, 4, 127, 127, 127, 97, 31, 81, 81, 81, 0, 0, 0, 0, 0
0.133530855178833, 128, 124, 4, 127, 127, 127, 97, 31, 81, 81, 81, 0, 0, 0, 0, 0
0.13355684280395508, 128, 124, 4, 127, 127, 127, 98, 33, 81, 81, 81, 0, 0, 0, 0, 0
0.1979968547821045, 128, 124, 4, 127, 127, 127, 98, 31, 81, 81, 79, 0, 0, 0, 0, 0
0.2090599536895752, 128, 124, 4, 127, 127, 127, 98, 31, 81, 81, 81, 0, 0, 0, 0, 0
0.20908379554748535, 128, 124, 4, 127, 127, 127, 97, 31, 81, 81, 79, 0, 0, 0, 0, 0
0.20909881591796875, 128, 124, 4, 127, 127, 127, 97, 31, 81, 81, 81, 0, 0, 0, 0, 0
0.20911288261413574, 128, 124, 4, 127, 127, 127, 98, 31, 81, 81, 79, 0, 0, 0, 0, 0
0.20912694931030273, 128, 124, 4, 127, 127, 127, 98, 31, 81, 81, 81, 0, 0, 0, 0, 0
0.26123690605163574, 128, 124, 4, 127, 127, 127, 98, 33, 81, 81, 79, 0, 0, 0, 0, 0
0.2612648010253906, 128, 124, 4, 127, 127, 127, 98, 33, 81, 81, 79, 0, 0, 0, 0, 0
0.261279821395874, 128, 124, 4, 127, 127, 127, 98, 31, 81, 81, 79, 0, 0, 0, 0, 0
0.261293888092041, 128, 124, 4, 127, 127, 127, 97, 31, 81, 81, 79, 0, 0, 0, 0, 0
0.31949782371520996, 128, 124, 4, 127, 127, 127, 97, 31, 81, 81, 79, 0, 0, 0, 0, 0
0.3309009075164795, 128, 124, 4, 127, 127, 127, 98, 31, 81, 81, 81, 0, 0, 0, 0, 0
0.33092689514160156, 128, 124, 4, 127, 127, 127, 98, 31, 81, 81, 81, 0, 0, 0, 0, 0
0.33094191551208496, 128, 124, 4, 127, 127, 127, 97, 31, 81, 81, 81, 0, 0, 0, 0, 0
0.33095598220825195, 128, 124, 4, 127, 127, 127, 98, 31, 81, 81, 81, 0, 0, 0, 0, 0
0.40636396408081055, 128, 124, 4, 127, 127, 127, 98, 31, 81, 81, 81, 0, 0, 0, 0, 0
0.40639281272888184, 128, 124, 4, 127, 127, 127, 98, 31, 81, 81, 81, 0, 0, 0, 0, 0
0.4586198329925537, 128, 124, 4, 127, 127, 127, 98, 31, 81, 81, 79, 0, 0, 0, 0, 0
0.4586458206176758, 128, 124, 4, 127, 127, 127, 98, 31, 81, 81, 79, 0, 0, 0, 0, 0
0.4586608409881592, 128, 124, 4, 127, 127, 127, 97, 31, 81, 81, 81, 0, 0, 0, 0, 0
0.45867395401000977, 128, 124, 4, 127, 127, 127, 98, 31, 81, 81, 81, 0, 0, 0, 0, 0
0.45868802070617676, 128, 124, 4, 127, 127, 127, 98, 31, 81, 81, 79, 0, 0, 0, 0, 0
0.45870184898376465, 128, 124, 4, 127, 127, 127, 98, 33, 81, 81, 79, 0, 0, 0, 0, 0
0.45871591567993164, 128, 124, 4, 127, 127, 127, 98, 31, 81, 81, 79, 0, 0, 0, 0, 0
0.4587287902832031, 128, 124, 4, 127, 127, 127, 98, 31, 81, 81, 79, 0, 0, 0, 0, 0
0.4587428569793701, 128, 124, 4, 127, 127, 127, 98, 33, 81, 81, 81, 0, 0, 0, 0, 0
0.493405818939209, 128, 124, 4, 127, 127, 127, 98, 31, 81, 81, 81, 0, 0, 0, 0, 0
0.49343299865722656, 128, 124, 4, 127, 127, 127, 98, 31, 81, 81, 79, 0, 0, 0, 0, 0
0.49344801902770996, 128, 124, 4, 127, 127, 127, 97, 31, 81, 81, 79, 0, 0, 0, 0, 0
0.5360558032989502, 128, 124, 4, 127, 127, 127, 98, 33, 81, 81, 79, 0, 0, 0, 0, 0
0.5363168716430664, 128, 124, 4, 127, 127, 127, 97, 31, 81, 81, 81, 0, 0, 0, 0, 0
0.5363388061523438, 128, 124, 4, 127, 127, 127, 98, 31, 81, 81, 81, 0, 0, 0, 0, 0
0.5471978187561035, 128, 124, 4, 127, 127, 127, 98, 31, 81, 81, 81, 0, 0, 0, 0, 0
0.5878298282623291, 128, 124, 4, 127, 127, 127, 97, 31, 81, 81, 81, 0, 0, 0, 0, 0
0.6168818473815918, 128, 124, 4, 127, 127, 127, 98, 31, 81, 81, 79, 0, 0, 0, 0, 0
0.6169137954711914, 128, 124, 4, 127, 127, 127, 98, 31, 81, 81, 79, 0, 0, 0, 0, 0
0.6169319152832031, 128, 124, 4, 127, 127, 127, 98, 31, 81, 81, 81, 0, 0, 0, 0, 0
0.6169469356536865, 128, 124, 4, 127, 127, 127, 98, 31, 81, 81, 79, 0, 0, 0, 0, 0
0.7050759792327881, 128, 124, 4, 127, 127, 127, 98, 31, 81, 81, 81, 0, 0, 0, 0, 0
0.7052569389343262, 128, 124, 4, 127, 127, 127, 98, 31, 81, 81, 81, 0, 0, 0, 0, 0
0.7060468196868896, 128, 124, 4, 127, 127, 127, 98, 31, 81, 81, 81, 0, 0, 0, 0, 0
0.7060699462890625, 128, 124, 4, 127, 127, 127, 98, 33, 81, 81, 81, 0, 0, 0, 0, 0
0.7169280052185059, 128, 124, 4, 127, 127, 127, 98, 31, 81, 81, 81, 0, 0, 0, 0, 0
0.7169528007507324, 128, 124, 4, 127, 127, 127, 97, 31, 81, 81, 81, 0, 0, 0, 0, 0
0.7169678211212158, 128, 124, 4, 127, 127, 127, 98, 31, 81, 81, 81, 0, 0, 0, 0, 0
0.7169818878173828, 128, 124, 4, 127, 127, 127, 98, 31, 81, 81, 81, 0, 0, 0, 0, 0
0.717012882232666, 128, 124, 4, 127, 127, 127, 98, 31, 81, 81, 81, 0, 0, 0, 0, 0
0.7883429527282715, 128, 124, 4, 127, 127, 127, 98, 31, 81, 81, 81, 0, 0, 0, 0, 0
0.7997238636016846, 128, 124, 4, 127, 127, 127, 98, 31, 81, 81, 79, 0, 0, 0, 0, 0
0.7997488975524902, 128, 124, 4, 127, 127, 127, 98, 31, 81, 81, 79, 0, 0, 0, 0, 0
0.7997639179229736, 128, 124, 4, 127, 127, 127, 98, 31, 81, 81, 79, 0, 0, 0, 0, 0
0.7997779846191406, 128, 124, 4, 127, 127, 127, 97, 31, 81, 81, 81, 0, 0, 0, 0, 0
0.7997918128967285, 128, 124, 4, 127, 127, 127, 98, 31, 81, 81, 79, 0, 0, 0, 0, 0
0.7998049259185791, 128, 124, 4, 127, 127, 127, 98, 31, 81, 81, 79, 0, 0, 0, 0, 0
0.8461568355560303, 128, 124, 4, 127, 127, 127, 98, 31, 81, 81, 79, 0, 0, 0, 0, 0
0.9916830062866211, 128, 124, 4, 127, 127, 127, 98, 31, 81, 81, 79, 0, 0, 0, 0, 0
1.0028438568115234, 128, 124, 4, 127, 127, 127, 97, 31, 81, 81, 81, 0, 0, 0, 0, 0
1.0028719902038574, 128, 124, 4, 127, 127, 127, 98, 31, 81, 81, 81, 0, 0, 0, 0, 0
1.0028870105743408, 128, 124, 4, 127, 127, 127, 97, 31, 81, 81, 82, 0, 0, 0, 0, 0
1.0029008388519287, 128, 124, 4, 127, 127, 127, 98, 31, 81, 81, 81, 0, 0, 0, 0, 0
1.0029149055480957, 128, 124, 4, 127, 127, 127, 97, 33, 81, 81, 81, 0, 0, 0, 0, 0
1.0029280185699463, 128, 124, 4, 127, 127, 127, 98, 33, 81, 81, 82, 0, 0, 0, 0, 0
1.0029428005218506, 128, 124, 4, 127, 127, 127, 98, 31, 81, 81, 81, 0, 0, 0, 0, 0
1.0029568672180176, 128, 124, 4, 127, 127, 127, 98, 31, 81, 81, 82, 0, 0, 0, 0, 0
1.0029709339141846, 128, 124, 4, 127, 127, 127, 98, 31, 81, 81, 82, 0, 0, 0, 0, 0
1.002983808517456, 128, 124, 4, 127, 127, 127, 98, 31, 81, 81, 82, 0, 0, 0, 0, 0
1.002997875213623, 128, 124, 4, 127, 127, 127, 98, 31, 81, 81, 82, 0, 0, 0, 0, 0
1.0030109882354736, 128, 124, 4, 127, 127, 127, 98, 31, 81, 81, 82, 0, 0, 0, 0, 0
1.0030248165130615, 128, 124, 4, 127, 127, 127, 98, 31, 81, 81, 82, 0, 0, 0, 0, 0
1.0030388832092285, 128, 124, 4, 127, 127, 127, 98, 31, 81, 81, 82, 0, 0, 0, 0, 0
1.0030529499053955, 128, 124, 4, 127, 127, 127, 98, 31, 81, 81, 82, 0, 0, 0, 0, 0
1.003065824508667, 128, 124, 4, 127, 127, 127, 98, 31, 81, 81, 82, 0, 0, 0, 0, 0
1.003079891204834, 128, 124, 4, 127, 127, 127, 98, 31, 81, 81, 82, 0, 0, 0, 0, 0
1.0030930042266846, 128, 124, 4, 127, 127, 127, 98, 31, 81, 81, 82, 0, 0, 0, 0, 0
1.1189639568328857, 128, 124, 4, 127, 127, 127, 98, 31, 81, 81, 82, 0, 0, 0, 0, 0
1.1189908981323242, 128, 124, 4, 127, 127, 127, 97, 31, 81, 81, 82, 0, 0, 0, 0, 0
1.1190059185028076, 128, 124, 4, 127, 127, 127, 98, 33, 81, 81, 82, 0, 0, 0, 0, 0
1.1190199851989746, 128, 124, 4, 127, 127, 127, 98, 31, 81, 81, 82, 0, 0, 0, 0, 0
1.1190359592437744, 128, 124, 4, 127, 127, 127, 98, 31, 81, 81, 82, 0, 0, 0, 0, 0
1.1190497875213623, 128, 124, 4, 127, 127, 127, 98, 31, 81, 81, 82, 0, 0, 0, 0, 0
1.119062900543213, 128, 124, 4, 127, 127, 127, 98, 31, 81, 82, 82, 0, 0, 0, 0, 0
1.1190769672393799, 128, 124, 4, 127, 127, 127, 98, 33, 81, 81, 82, 0, 0, 0, 0, 0
1.1190907955169678, 128, 124, 4, 127, 127, 127, 97, 31, 81, 81, 82, 0, 0, 0, 0, 0
1.1191048622131348, 128, 124, 4, 127, 127, 127, 98, 33, 81, 81, 81, 0, 0, 0, 0, 0
1.1191189289093018, 128, 124, 4, 127, 127, 127, 98, 31, 79, 81, 82, 0, 0, 0, 0, 0
1.1191318035125732, 128, 124, 4, 127, 127, 127, 98, 31, 81, 81, 82, 0, 0, 0, 0, 0
1.1658909320831299, 128, 124, 4, 127, 127, 127, 98, 31, 81, 81, 82, 0, 0, 0, 0, 0
1.1713299751281738, 128, 124, 4, 127, 127, 127, 98, 31, 81, 81, 82, 0, 0, 0, 0, 0
1.1775119304656982, 128, 124, 4, 127, 127, 127, 98, 31, 81, 81, 82, 0, 0, 0, 0, 0
1.1779828071594238, 128, 124, 4, 127, 127, 127, 98, 31, 81, 81, 82, 0, 0, 0, 0, 0
1.178008794784546, 128, 124, 4, 127, 127, 127, 98, 31, 81, 81, 81, 0, 0, 0, 0, 0
1.1958119869232178, 128, 124, 4, 127, 127, 127, 98, 31, 81, 81, 81, 0, 0, 0, 0, 0
1.2596769332885742, 128, 124, 4, 127, 127, 127, 98, 31, 81, 81, 81, 0, 0, 0, 0, 0
1.259704828262329, 128, 124, 4, 127, 127, 127, 98, 31, 81, 81, 81, 0, 0, 0, 0, 0
1.2597219944000244, 128, 124, 4, 127, 127, 127, 98, 31, 81, 81, 81, 0, 0, 0, 0, 0
1.306203842163086, 128, 124, 4, 127, 127, 127, 97, 31, 81, 81, 81, 0, 0, 0, 0, 0
1.306229829788208, 128, 124, 4, 127, 127, 127, 98, 31, 81, 81, 81, 0, 0, 0, 0, 0
1.3062448501586914, 128, 124, 4, 127, 127, 127, 98, 31, 81, 81, 81, 0, 0, 0, 0, 0
1.3062598705291748, 128, 124, 4, 127, 127, 127, 97, 33, 81, 81, 79, 0, 0, 0, 0, 0
1.3062739372253418, 128, 124, 4, 127, 127, 127, 98, 31, 81, 81, 81, 0, 0, 0, 0, 0
1.3062880039215088, 128, 124, 4, 127, 127, 127, 98, 31, 81, 81, 79, 0, 0, 0, 0, 0
1.3063018321990967, 128, 124, 4, 127, 127, 127, 98, 33, 81, 81, 81, 0, 0, 0, 0, 0
1.3063158988952637, 128, 124, 4, 127, 127, 127, 98, 31, 81, 81, 79, 0, 0, 0, 0, 0
1.3659470081329346, 128, 124, 4, 127, 127, 127, 98, 31, 81, 81, 81, 0, 0, 0, 0, 0
1.3772978782653809, 128, 124, 4, 127, 127, 127, 98, 31, 81, 81, 81, 0, 0, 0, 0, 0
1.3773229122161865, 128, 124, 4, 127, 127, 127, 97, 31, 81, 82, 81, 0, 0, 0, 0, 0
1.3773388862609863, 128, 124, 4, 127, 127, 127, 97, 31, 81, 81, 81, 0, 0, 0, 0, 0
1.3773529529571533, 128, 124, 4, 127, 127, 127, 98, 31, 81, 81, 81, 0, 0, 0, 0, 0
1.4527878761291504, 128, 124, 4, 127, 127, 127, 97, 31, 81, 81, 81, 0, 0, 0, 0, 0
1.4528138637542725, 128, 124, 4, 127, 127, 127, 97, 31, 81, 81, 81, 0, 0, 0, 0, 0
1.4528288841247559, 128, 124, 4, 127, 127, 127, 98, 31, 81, 81, 81, 0, 0, 0, 0, 0
1.4528429508209229, 128, 124, 4, 127, 127, 127, 97, 31, 81, 81, 81, 0, 0, 0, 0, 0
1.4821619987487793, 128, 124, 4, 127, 127, 127, 97, 31, 81, 81, 81, 0, 0, 0, 0, 0
1.4933788776397705, 128, 124, 4, 127, 127, 127, 98, 31, 81, 81, 81, 0, 0, 0, 0, 0
1.4934039115905762, 128, 124, 4, 127, 127, 127, 98, 31, 81, 81, 81, 0, 0, 0, 0, 0
1.493419885635376, 128, 124, 4, 127, 127, 127, 97, 31, 81, 81, 81, 0, 0, 0, 0, 0
1.493433952331543, 128, 124, 4, 127, 127, 127, 98, 31, 81, 81, 81, 0, 0, 0, 0, 0
1.49344801902771, 128, 124, 4, 127, 127, 127, 98, 31, 81, 81, 81, 0, 0, 0, 0, 0
1.4934608936309814, 128, 124, 4, 127, 127, 127, 97, 31, 81, 81, 81, 0, 0, 0, 0, 0
1.4934749603271484, 128, 124, 4, 127, 127, 127, 98, 31, 81, 79, 81, 0, 0, 0, 0, 0
1.644317865371704, 128, 124, 5, 128, 131, 126, 98, 31, 81, 79, 81, 0, 0, 0, 0, 0
1.6443498134613037, 128, 124, 5, 128, 130, 128, 98, 31, 81, 79, 81, 0, 0, 0, 0, 0
1.644364833831787, 128, 124, 5, 129, 127, 127, 98, 31, 79, 79, 81, 0, 0, 0, 0, 0
1.644378900527954, 128, 124, 5, 128, 129, 127, 98, 31, 79, 79, 81, 0, 0, 0, 0, 0
1.644392967224121, 128, 124, 5, 128, 131, 124, 97, 31, 79, 79, 81, 0, 0, 0, 0, 0
1.644406795501709, 128, 124, 5, 128, 128, 127, 97, 31, 79, 79, 81, 0, 0, 0, 0, 0
1.644420862197876, 128, 124, 5, 128, 125, 128, 98, 31, 79, 79, 81, 0, 0, 0, 0, 0
1.6444339752197266, 128, 124, 5, 128, 126, 128, 98, 31, 79, 79, 81, 0, 0, 0, 0, 0
1.6444478034973145, 128, 124, 5, 127, 127, 126, 98, 31, 79, 79, 81, 0, 0, 0, 0, 0
1.644460916519165, 128, 124, 5, 127, 126, 127, 98, 31, 79, 79, 81, 0, 0, 0, 0, 0
1.690755844116211, 128, 124, 5, 127, 126, 128, 98, 31, 79, 79, 81, 0, 0, 0, 0, 0
1.6907858848571777, 128, 124, 5, 127, 127, 127, 97, 31, 79, 79, 81, 0, 0, 0, 0, 0
1.6908009052276611, 128, 124, 5, 126, 126, 127, 98, 31, 79, 79, 81, 0, 0, 0, 0, 0
1.6908159255981445, 128, 124, 5, 126, 126, 127, 98, 31, 79, 79, 81, 0, 0, 0, 0, 0
1.690828800201416, 128, 124, 5, 126, 127, 127, 98, 31, 81, 79, 81, 0, 0, 0, 0, 0
1.7345168590545654, 128, 124, 5, 127, 128, 127, 98, 31, 79, 79, 81, 0, 0, 0, 0, 0
1.7347259521484375, 128, 124, 5, 127, 128, 127, 97, 31, 79, 79, 81, 0, 0, 0, 0, 0
1.7347428798675537, 128, 124, 5, 127, 127, 127, 97, 31, 79, 79, 81, 0, 0, 0, 0, 0
1.7633419036865234, 128, 124, 5, 127, 126, 127, 98, 31, 79, 79, 81, 0, 0, 0, 0, 0
1.7633988857269287, 128, 124, 5, 127, 125, 127, 98, 31, 79, 79, 81, 0, 0, 0, 0, 0
1.7634379863739014, 128, 124, 5, 126, 122, 128, 98, 31, 79, 81, 81, 0, 0, 0, 0, 0
1.7634739875793457, 128, 124, 5, 123, 121, 128, 98, 31, 79, 81, 81, 0, 0, 0, 0, 0
1.76350998878479, 128, 124, 5, 123, 125, 127, 97, 31, 79, 79, 81, 0, 0, 0, 0, 0
1.7635629177093506, 127, 124, 5, 123, 130, 126, 98, 31, 79, 81, 81, 0, 0, 0, 0, 0
1.7635829448699951, 127, 124, 5, 127, 128, 126, 98, 31, 79, 79, 81, 0, 0, 0, 0, 0
1.8387928009033203, 127, 124, 5, 127, 128, 126, 98, 31, 79, 79, 81, 0, 0, 0, 0, 0
1.891037940979004, 127, 124, 5, 127, 126, 127, 98, 31, 79, 81, 81, 0, 0, 0, 0, 0
1.891063928604126, 127, 124, 5, 127, 127, 128, 98, 31, 78, 81, 81, 0, 0, 0, 0, 0
1.8910808563232422, 127, 124, 5, 127, 127, 127, 98, 31, 79, 81, 81, 0, 0, 0, 0, 0
1.8910949230194092, 127, 124, 5, 127, 125, 126, 98, 31, 79, 81, 81, 0, 0, 0, 0, 0
1.8911089897155762, 127, 124, 5, 127, 126, 126, 98, 31, 78, 81, 81, 0, 0, 0, 0, 0
1.891122817993164, 127, 124, 5, 127, 127, 127, 98, 31, 78, 81, 81, 0, 0, 0, 0, 0
1.8911359310150146, 127, 124, 5, 127, 127, 127, 98, 31, 78, 79, 81, 0, 0, 0, 0, 0
1.8911499977111816, 127, 124, 5, 127, 127, 126, 98, 33, 78, 81, 82, 0, 0, 0, 0, 0
1.9432849884033203, 127, 124, 5, 127, 127, 127, 98, 33, 78, 81, 82, 0, 0, 0, 0, 0
1.9433109760284424, 127, 124, 5, 127, 127, 127, 98, 33, 78, 81, 82, 0, 0, 0, 0, 0
1.9433259963989258, 127, 124, 5, 131, 127, 128, 98, 33, 78, 81, 82, 0, 0, 0, 0, 0
1.9433398246765137, 128, 126, 5, 128, 125, 129, 98, 31, 78, 81, 82, 0, 0, 0, 0, 0
1.9433529376983643, 127, 124, 5, 127, 128, 127, 98, 31, 78, 81, 82, 0, 0, 0, 0, 0
2.01872181892395, 128, 124, 5, 127, 127, 127, 97, 33, 78, 81, 82, 0, 0, 6, 0, 0
2.0187509059906006, 128, 124, 5, 127, 127, 128, 98, 31, 78, 81, 82, 0, 0, 9, 0, 0
2.0187668800354004, 128, 124, 5, 127, 127, 126, 98, 31, 78, 81, 82, 0, 0, 14, 0, 0
2.0187828540802, 128, 124, 5, 127, 127, 127, 98, 31, 78, 81, 82, 0, 0, 18, 0, 0
2.018796920776367, 128, 124, 5, 127, 127, 127, 98, 31, 78, 81, 82, 0, 0, 27, 0, 0
2.0361368656158447, 128, 124, 5, 127, 126, 128, 98, 33, 79, 81, 82, 0, 0, 34, 0, 0
2.036162853240967, 128, 124, 5, 127, 127, 127, 98, 31, 78, 81, 82, 0, 0, 41, 0, 0
2.03617787361145, 128, 124, 5, 127, 127, 127, 98, 33, 78, 81, 82, 0, 0, 49, 0, 0
2.036191940307617, 128, 124, 5, 127, 126, 127, 98, 31, 79, 81, 82, 0, 0, 60, 0, 0
2.036206007003784, 128, 126, 5, 127, 126, 127, 98, 31, 79, 81, 82, 0, 0, 64, 0, 0
2.0362188816070557, 128, 126, 5, 128, 125, 128, 98, 31, 79, 81, 82, 0, 0, 64, 0, 0
2.0362329483032227, 128, 126, 5, 127, 127, 127, 98, 33, 79, 81, 82, 0, 0, 62, 0, 0
2.0362470149993896, 128, 126, 5, 127, 127, 127, 98, 31, 79, 81, 82, 0, 0, 80, 0, 0
2.0362608432769775, 128, 126, 5, 127, 127, 127, 98, 31, 79, 81, 81, 0, 0, 86, 0, 0
2.100022792816162, 128, 126, 5, 128, 129, 127, 98, 31, 79, 82, 82, 0, 0, 97, 0, 0
2.1000490188598633, 128, 124, 5, 132, 128, 127, 97, 31, 79, 81, 82, 0, 0, 97, 0, 0
2.100064992904663, 128, 124, 5, 135, 128, 126, 97, 31, 79, 81, 82, 0, 0, 107, 0, 0
2.100078821182251, 128, 124, 5, 136, 129, 128, 98, 31, 79, 81, 82, 0, 0, 118, 0, 0
2.1000919342041016, 128, 124, 5, 135, 128, 127, 98, 31, 79, 81, 82, 0, 0, 129, 0, 0
2.135079860687256, 128, 124, 5, 132, 129, 127, 97, 31, 79, 81, 82, 0, 0, 143, 0, 0
2.146437883377075, 128, 124, 5, 133, 127, 127, 98, 31, 81, 81, 82, 0, 0, 156, 0, 0
2.146462917327881, 128, 124, 5, 133, 127, 127, 98, 31, 79, 81, 81, 0, 0, 166, 0, 0
2.1464779376983643, 128, 124, 5, 134, 127, 128, 98, 31, 79, 81, 82, 0, 0, 174, 0, 0
2.227958917617798, 128, 124, 5, 136, 127, 128, 97, 31, 79, 81, 82, 0, 0, 187, 0, 0
2.2299108505249023, 128, 124, 5, 136, 127, 128, 98, 31, 81, 81, 82, 0, 0, 190, 0, 0
2.2301008701324463, 128, 124, 5, 131, 127, 128, 98, 31, 79, 81, 82, 0, 0, 195, 0, 0
2.230118989944458, 128, 124, 5, 128, 128, 128, 98, 31, 79, 81, 82, 0, 0, 201, 0, 0
2.2366888523101807, 128, 124, 5, 127, 129, 127, 98, 31, 81, 81, 82, 0, 0, 208, 0, 0
2.236830949783325, 128, 124, 5, 129, 128, 126, 98, 31, 79, 81, 82, 0, 0, 212, 0, 0
2.2368478775024414, 128, 124, 5, 131, 128, 127, 97, 31, 81, 81, 82, 0, 0, 217, 0, 0
2.2538177967071533, 128, 124, 5, 132, 127, 128, 97, 31, 81, 81, 82, 0, 0, 219, 0, 0
2.253842830657959, 128, 124, 5, 127, 123, 127, 98, 31, 81, 81, 82, 0, 0, 227, 0, 0
2.300212860107422, 128, 126, 5, 126, 127, 128, 98, 31, 82, 81, 82, 0, 0, 229, 0, 0
2.3176708221435547, 128, 126, 4, 127, 127, 127, 98, 33, 82, 81, 82, 0, 0, 231, 0, 0
2.3640878200531006, 128, 126, 5, 127, 127, 126, 98, 31, 82, 81, 82, 0, 0, 232, 0, 0
2.364118814468384, 128, 126, 5, 126, 126, 126, 98, 33, 82, 81, 82, 0, 0, 233, 0, 0
2.364133834838867, 128, 126, 5, 125, 124, 127, 98, 33, 82, 81, 82, 0, 0, 234, 0, 0
2.410792827606201, 128, 126, 5, 123, 123, 127, 98, 31, 82, 81, 82, 0, 0, 235, 0, 0
2.42214298248291, 128, 126, 5, 123, 127, 126, 98, 31, 82, 82, 82, 0, 0, 235, 0, 0
2.4221689701080322, 128, 126, 5, 126, 128, 126, 98, 31, 82, 81, 82, 0, 0, 236, 0, 0
2.4221839904785156, 128, 126, 5, 127, 126, 128, 98, 33, 82, 81, 82, 0, 0, 236, 0, 0
2.4221978187561035, 128, 126, 5, 127, 127, 127, 98, 33, 82, 81, 82, 0, 0, 237, 0, 0
2.4222118854522705, 128, 126, 5, 127, 127, 127, 98, 31, 82, 81, 82, 0, 0, 238, 0, 0
2.422224998474121, 128, 126, 5, 127, 127, 127, 98, 31, 82, 81, 82, 0, 0, 238, 0, 0
2.422238826751709, 128, 126, 5, 127, 127, 127, 98, 33, 82, 81, 82, 0, 0, 238, 0, 0
2.422252893447876, 128, 126, 5, 127, 127, 127, 98, 31, 82, 82, 82, 0, 0, 238, 0, 0
2.4222660064697266, 128, 126, 5, 127, 127, 127, 98, 31, 82, 81, 82, 0, 0, 238, 0, 0
2.4859559535980225, 128, 126, 5, 127, 127, 127, 98, 33, 82, 81, 82, 0, 0, 234, 0, 0
2.4859859943389893, 128, 126, 5, 127, 127, 127, 98, 31, 82, 81, 82, 0, 0, 231, 0, 0
2.486001968383789, 128, 126, 5, 127, 127, 127, 98, 31, 81, 81, 82, 0, 0, 225, 0, 0
2.4975979328155518, 128, 126, 5, 127, 131, 126, 98, 30, 78, 81, 82, 0, 0, 216, 0, 0
2.4976248741149902, 128, 124, 5, 126, 137, 123, 98, 30, 76, 79, 81, 0, 0, 204, 0, 0
2.533740997314453, 128, 124, 5, 126, 133, 126, 98, 30, 73, 79, 81, 0, 0, 163, 0, 0
2.5341579914093018, 128, 124, 5, 124, 126, 126, 98, 30, 74, 78, 81, 0, 0, 124, 0, 0
2.5396218299865723, 128, 124, 5, 123, 127, 127, 98, 30, 74, 78, 81, 0, 0, 102, 0, 0
2.539646863937378, 128, 124, 5, 121, 125, 128, 98, 30, 74, 79, 81, 0, 0, 75, 0, 0
2.6150670051574707, 128, 124, 5, 126, 127, 127, 98, 30, 74, 78, 81, 0, 0, 21, 0, 0
2.6150949001312256, 128, 124, 5, 127, 128, 127, 98, 30, 76, 78, 81, 0, 0, 0, 0, 0
2.615109920501709, 128, 124, 5, 127, 126, 128, 98, 30, 74, 79, 81, 0, 0, 0, 0, 0
2.615123987197876, 128, 124, 5, 128, 127, 128, 98, 30, 76, 78, 82, 0, 0, 0, 0, 0
2.615137815475464, 128, 124, 5, 127, 126, 127, 98, 31, 78, 79, 82, 0, 0, 0, 0, 0
2.6151509284973145, 128, 124, 5, 127, 123, 128, 98, 31, 78, 79, 82, 0, 0, 0, 0, 0
2.632481813430786, 128, 124, 5, 125, 123, 126, 98, 31, 79, 79, 82, 0, 0, 0, 0, 0
2.6848719120025635, 128, 124, 5, 120, 127, 125, 98, 31, 79, 81, 82, 0, 0, 0, 0, 0
2.6963717937469482, 128, 124, 5, 126, 128, 127, 98, 31, 79, 81, 82, 0, 0, 0, 0, 0
2.696398973464966, 128, 126, 5, 127, 126, 127, 98, 33, 79, 81, 82, 0, 0, 0, 0, 0
2.8763139247894287, 128, 126, 5, 127, 128, 127, 98, 31, 79, 79, 82, 0, 0, 1, 0, 0
2.8763439655303955, 128, 124, 5, 127, 127, 127, 98, 31, 79, 81, 82, 0, 0, 16, 0, 0
2.876358985900879, 128, 124, 5, 128, 127, 127, 98, 31, 79, 81, 82, 0, 0, 28, 0, 0
2.876372814178467, 128, 126, 5, 130, 123, 132, 98, 31, 81, 81, 82, 0, 0, 59, 0, 0
2.876386880874634, 128, 126, 5, 128, 125, 129, 98, 31, 81, 81, 82, 0, 0, 92, 0, 0
2.8763999938964844, 128, 126, 5, 127, 128, 127, 100, 31, 81, 81, 82, 0, 0, 116, 0, 0
2.8764138221740723, 128, 126, 5, 127, 127, 126, 98, 31, 81, 81, 82, 0, 0, 138, 0, 0
2.8764278888702393, 128, 126, 5, 128, 126, 127, 98, 31, 81, 81, 82, 0, 0, 158, 0, 0
2.8764419555664062, 128, 126, 5, 128, 123, 128, 98, 31, 82, 81, 82, 0, 0, 177, 0, 0
2.8764548301696777, 128, 126, 5, 129, 126, 128, 98, 31, 82, 81, 82, 0, 0, 185, 0, 0
2.8764688968658447, 128, 126, 5, 130, 127, 128, 98, 31, 82, 81, 82, 0, 0, 193, 0, 0
2.876483917236328, 128, 126, 5, 131, 127, 127, 98, 31, 82, 81, 82, 0, 0, 201, 0, 0
2.876497983932495, 128, 126, 5, 131, 129, 126, 98, 31, 82, 81, 82, 0, 0, 209, 0, 0
2.876511812210083, 128, 126, 5, 131, 129, 127, 98, 31, 82, 81, 82, 0, 0, 215, 0, 0
2.8765249252319336, 128, 126, 5, 128, 128, 128, 98, 31, 81, 81, 82, 0, 0, 220, 0, 0
2.8765389919281006, 128, 126, 5, 127, 128, 126, 98, 31, 81, 81, 82, 0, 0, 225, 0, 0
2.928941011428833, 128, 126, 5, 127, 130, 125, 98, 31, 79, 81, 82, 0, 0, 228, 0, 0
2.929457902908325, 128, 126, 5, 127, 131, 125, 98, 31, 81, 81, 82, 0, 0, 231, 0, 0
2.9294769763946533, 128, 126, 5, 127, 123, 128, 98, 31, 81, 82, 82, 0, 0, 235, 0, 0
2.9416868686676025, 128, 126, 5, 127, 125, 127, 98, 31, 81, 81, 82, 0, 0, 236, 0, 0
2.941711902618408, 128, 126, 5, 126, 127, 127, 98, 31, 81, 81, 82, 0, 0, 238, 0, 0
2.941725969314575, 128, 126, 5, 126, 128, 127, 98, 31, 81, 81, 82, 0, 0, 239, 0, 0
2.9417409896850586, 128, 126, 5, 126, 127, 126, 98, 31, 81, 81, 82, 0, 0, 239, 0, 0
2.9649078845977783, 128, 126, 5, 126, 127, 127, 98, 31, 81, 81, 82, 0, 0, 239, 0, 0
3.028770923614502, 128, 126, 5, 127, 129, 127, 98, 31, 78, 81, 82, 0, 0, 230, 0, 0
3.082120895385742, 128, 126, 5, 127, 128, 126, 98, 31, 73, 81, 81, 0, 0, 222, 0, 0
3.0825610160827637, 128, 126, 5, 128, 131, 126, 98, 30, 71, 81, 82, 0, 0, 207, 0, 0
3.0827479362487793, 128, 124, 5, 131, 132, 123, 98, 30, 70, 81, 82, 0, 0, 182, 0, 0
3.082765817642212, 128, 124, 5, 136, 133, 123, 97, 30, 70, 82, 82, 0, 0, 159, 0, 0
3.082779884338379, 128, 126, 5, 146, 123, 133, 98, 31, 71, 81, 82, 0, 0, 90, 0, 0
3.088701009750366, 128, 126, 5, 145, 121, 131, 98, 31, 73, 82, 82, 0, 0, 39, 0, 0
3.0940070152282715, 128, 126, 5, 138, 123, 131, 98, 31, 73, 81, 82, 0, 0, 0, 0, 0
3.0940308570861816, 128, 126, 5, 126, 128, 130, 98, 31, 74, 81, 82, 0, 0, 0, 0, 0
3.094045877456665, 128, 126, 5, 123, 122, 128, 98, 31, 74, 81, 82, 0, 0, 0, 0, 0
3.094059944152832, 128, 126, 5, 125, 127, 127, 98, 31, 76, 82, 84, 0, 0, 0, 0, 0
3.210110902786255, 128, 126, 5, 122, 126, 130, 98, 31, 78, 81, 82, 0, 0, 0, 0, 0
3.210136890411377, 128, 126, 4, 121, 128, 126, 98, 31, 79, 79, 82, 0, 0, 0, 0, 0
3.2101519107818604, 128, 124, 5, 125, 136, 128, 98, 31, 79, 81, 82, 0, 0, 0, 0, 0
3.2101659774780273, 128, 124, 5, 128, 135, 123, 98, 31, 79, 81, 82, 0, 0, 0, 0, 0
3.2101798057556152, 128, 124, 5, 131, 123, 126, 98, 31, 79, 81, 82, 0, 0, 0, 0, 0
3.244946002960205, 128, 126, 4, 128, 126, 122, 98, 31, 79, 81, 82, 0, 0, 0, 0, 0
3.2449820041656494, 128, 124, 5, 127, 131, 124, 98, 31, 79, 81, 82, 0, 0, 0, 0, 0
3.2449989318847656, 128, 124, 5, 127, 126, 128, 98, 31, 79, 81, 82, 0, 0, 0, 0, 0
3.2450129985809326, 128, 124, 5, 127, 126, 128, 98, 31, 79, 81, 82, 0, 0, 0, 0, 0
3.2450268268585205, 128, 124, 5, 127, 128, 125, 98, 31, 79, 81, 82, 0, 0, 0, 0, 0
3.245039939880371, 128, 124, 5, 127, 127, 127, 98, 31, 79, 81, 82, 0, 0, 0, 0, 0
3.245054006576538, 128, 124, 5, 127, 126, 128, 98, 31, 79, 81, 82, 0, 0, 0, 0, 0
3.2450668811798096, 128, 124, 5, 127, 127, 127, 98, 31, 79, 81, 82, 0, 0, 0, 0, 0
3.2450809478759766, 128, 124, 5, 127, 127, 126, 98, 31, 79, 81, 82, 0, 0, 0, 0, 0
3.3262410163879395, 128, 124, 5, 125, 128, 124, 98, 31, 78, 81, 82, 0, 0, 0, 0, 0
3.326265811920166, 128, 124, 5, 125, 131, 123, 97, 31, 78, 79, 82, 0, 0, 0, 0, 0
3.326279878616333, 128, 124, 5, 125, 131, 123, 98, 31, 76, 79, 82, 0, 0, 0, 0, 0
3.3262929916381836, 128, 124, 5, 126, 128, 126, 98, 31, 76, 79, 82, 0, 0, 0, 0, 0
3.3263068199157715, 128, 124, 5, 126, 129, 127, 98, 31, 76, 79, 81, 0, 0, 0, 0, 0
3.344010829925537, 128, 124, 5, 127, 129, 126, 98, 31, 76, 78, 81, 0, 0, 0, 0, 0
3.355350971221924, 128, 124, 5, 127, 128, 126, 98, 31, 74, 78, 81, 0, 0, 0, 0, 0
3.355417013168335, 128, 124, 5, 127, 127, 127, 98, 31, 74, 78, 81, 0, 0, 0, 0, 0
3.355454921722412, 128, 124, 5, 128, 126, 127, 98, 31, 76, 78, 81, 0, 0, 0, 0, 0
3.401623010635376, 128, 124, 5, 128, 126, 130, 98, 31, 76, 78, 81, 0, 0, 0, 0, 0
3.4256718158721924, 128, 124, 5, 129, 127, 127, 98, 31, 78, 78, 81, 0, 0, 0, 0, 0
3.429252862930298, 128, 124, 5, 128, 127, 127, 98, 31, 76, 79, 81, 0, 0, 0, 0, 0
3.435065984725952, 128, 124, 5, 128, 126, 127, 98, 31, 78, 79, 81, 0, 0, 0, 0, 0
3.4350929260253906, 128, 124, 5, 127, 127, 127, 98, 33, 78, 79, 81, 0, 0, 0, 0, 0
3.4351089000701904, 128, 124, 5, 127, 127, 127, 98, 33, 78, 79, 82, 0, 0, 0, 0, 0
3.4409358501434326, 128, 124, 5, 127, 127, 128, 98, 31, 78, 79, 82, 0, 0, 0, 0, 0
3.4757208824157715, 128, 124, 5, 128, 127, 127, 98, 33, 78, 79, 81, 0, 0, 0, 0, 0
3.5221519470214844, 128, 124, 5, 128, 127, 128, 98, 33, 78, 78, 81, 0, 0, 0, 0, 0
3.5221757888793945, 128, 124, 5, 128, 127, 128, 97, 31, 78, 79, 82, 0, 0, 0, 0, 0
3.522190809249878, 128, 124, 5, 128, 127, 127, 98, 31, 78, 79, 81, 0, 0, 0, 0, 0
3.522207021713257, 128, 124, 5, 128, 127, 127, 98, 31, 78, 79, 82, 0, 0, 0, 0, 0
3.5222198963165283, 128, 124, 5, 128, 127, 127, 98, 33, 78, 79, 81, 0, 0, 0, 0, 0
3.5222339630126953, 128, 124, 5, 128, 127, 128, 98, 31, 78, 79, 81, 0, 0, 0, 0, 0
3.522246837615967, 128, 124, 5, 129, 128, 127, 97, 33, 78, 79, 81, 0, 0, 0, 0, 0
3.5453708171844482, 128, 124, 5, 128, 128, 127, 97, 33, 78, 79, 81, 0, 0, 0, 0, 0
3.562788963317871, 128, 124, 5, 128, 128, 127, 97, 31, 78, 79, 81, 0, 0, 0, 0, 0
3.5628128051757812, 128, 124, 5, 127, 128, 127, 97, 33, 78, 78, 81, 0, 0, 0, 0, 0
3.5628278255462646, 128, 124, 5, 128, 127, 127, 97, 31, 78, 78, 81, 0, 0, 0, 0, 0
3.5628418922424316, 128, 124, 5, 127, 126, 128, 97, 31, 78, 79, 81, 0, 0, 0, 0, 0
3.6501247882843018, 128, 124, 5, 131, 126, 128, 98, 33, 78, 79, 81, 0, 0, 0, 0, 0
3.661472797393799, 129, 124, 5, 131, 125, 128, 98, 31, 78, 79, 82, 0, 0, 0, 0, 0
3.661496877670288, 129, 124, 5, 131, 126, 127, 98, 33, 78, 79, 81, 0, 0, 0, 0, 0
3.6615138053894043, 129, 124, 5, 128, 129, 126, 98, 31, 78, 78, 81, 0, 0, 0, 0, 0
3.6615278720855713, 129, 124, 5, 127, 129, 126, 98, 31, 78, 78, 81, 0, 0, 0, 0, 0
3.6615419387817383, 129, 124, 5, 126, 128, 126, 98, 31, 78, 78, 81, 0, 0, 0, 0, 0
3.6615560054779053, 129, 124, 5, 127, 127, 127, 98, 31, 78, 79, 82, 0, 3, 0, 0, 0
3.6615688800811768, 129, 124, 5, 127, 127, 126, 98, 31, 78, 79, 82, 0, 17, 0, 0, 0
3.71370792388916, 129, 124, 5, 128, 125, 128, 98, 30, 78, 79, 82, 0, 41, 0, 0, 0
3.7137370109558105, 129, 124, 5, 128, 126, 127, 98, 31, 78, 79, 84, 0, 43, 0, 0, 0
3.713751792907715, 129, 124, 5, 128, 126, 127, 98, 30, 78, 79, 82, 0, 46, 0, 0, 0
3.713765859603882, 129, 124, 5, 128, 126, 127, 98, 31, 79, 79, 82, 0, 43, 0, 0, 0
3.7137818336486816, 129, 124, 5, 129, 127, 127, 98, 30, 79, 78, 84, 0, 41, 0, 0, 0
3.760779857635498, 129, 124, 5, 132, 126, 128, 98, 30, 79, 79, 84, 0, 31, 0, 0, 0
3.760938882827759, 129, 124, 5, 132, 126, 127, 98, 31, 79, 79, 84, 0, 25, 0, 0, 0
3.7609570026397705, 129, 124, 5, 129, 128, 127, 98, 31, 79, 79, 82, 0, 16, 0, 0, 0
3.7717459201812744, 129, 124, 5, 128, 127, 127, 98, 31, 79, 79, 84, 0, 11, 0, 0, 0
3.870452880859375, 129, 124, 5, 126, 127, 126, 98, 31, 79, 79, 84, 0, 6, 0, 0, 0
3.8704798221588135, 129, 124, 5, 125, 127, 128, 98, 33, 79, 79, 84, 0, 8, 0, 0, 0
3.8704957962036133, 129, 124, 5, 126, 126, 128, 98, 31, 79, 79, 84, 0, 3, 0, 0, 0
3.8705098628997803, 129, 124, 5, 126, 121, 127, 97, 31, 79, 79, 84, 0, 8, 0, 0, 0
3.9110817909240723, 129, 124, 5, 126, 126, 126, 98, 31, 79, 79, 84, 0, 4, 0, 0, 0
3.9111099243164062, 129, 124, 5, 127, 129, 127, 98, 31, 79, 79, 84, 0, 0, 0, 0, 0
3.9111249446868896, 129, 124, 5, 128, 126, 127, 98, 31, 79, 79, 84, 0, 0, 0, 0, 0
3.9111390113830566, 129, 124, 5, 129, 126, 128, 98, 31, 79, 81, 84, 0, 2, 0, 0, 0
3.9111528396606445, 129, 124, 5, 129, 126, 128, 98, 31, 79, 79, 84, 0, 3, 0, 0, 0
3.9111669063568115, 129, 124, 5, 127, 128, 127, 98, 31, 79, 79, 84, 0, 0, 0, 0, 0
3.911180019378662, 129, 124, 5, 126, 127, 127, 98, 31, 79, 79, 84, 0, 0, 0, 0, 0
3.91119384765625, 129, 124, 5, 127, 127, 125, 98, 31, 79, 79, 84, 0, 0, 0, 0, 0
3.945931911468506, 129, 124, 5, 127, 127, 126, 98, 33, 81, 79, 84, 0, 0, 0, 0, 0
3.9459547996520996, 129, 124, 5, 127, 127, 127, 98, 33, 79, 79, 84, 0, 3, 0, 0, 0
3.945969820022583, 129, 124, 5, 127, 127, 127, 98, 31, 79, 79, 84, 0, 14, 0, 0, 0
3.9459848403930664, 129, 124, 5, 127, 128, 126, 100, 33, 79, 81, 84, 0, 31, 0, 0, 0
3.992379903793335, 129, 124, 5, 127, 130, 126, 98, 30, 79, 79, 82, 0, 83, 0, 0, 0
4.017932891845703, 129, 124, 5, 127, 131, 125, 98, 31, 79, 79, 82, 0, 112, 0, 0, 0
4.01842188835144, 129, 124, 5, 127, 131, 124, 98, 31, 79, 79, 82, 0, 130, 0, 0, 0
4.018918991088867, 129, 124, 5, 127, 126, 128, 98, 31, 79, 79, 84, 0, 145, 0, 0, 0
4.018939018249512, 129, 124, 5, 128, 121, 133, 98, 35, 79, 79, 82, 0, 171, 0, 0, 0
4.030956983566284, 129, 124, 5, 127, 123, 130, 98, 33, 79, 79, 84, 0, 184, 0, 0, 0
4.049292802810669, 129, 124, 5, 123, 127, 125, 98, 33, 79, 79, 84, 0, 192, 0, 0, 0
4.18820595741272, 129, 124, 5, 128, 124, 128, 98, 33, 81, 79, 84, 0, 215, 0, 0, 0
4.188231945037842, 129, 124, 5, 127, 121, 126, 98, 33, 81, 79, 84, 0, 218, 0, 0, 0
4.188246965408325, 129, 124, 5, 124, 123, 127, 98, 33, 81, 79, 82, 0, 223, 0, 0, 0
4.188261985778809, 129, 124, 5, 120, 126, 126, 98, 33, 81, 79, 84, 0, 227, 0, 0, 0
4.1882758140563965, 128, 124, 5, 116, 129, 123, 98, 33, 79, 79, 82, 0, 230, 0, 0, 0
4.1882898807525635, 128, 124, 5, 116, 129, 126, 98, 33, 79, 79, 82, 0, 232, 0, 0, 0
4.1883039474487305, 128, 124, 5, 122, 126, 126, 98, 33, 79, 79, 82, 0, 233, 0, 0, 0
4.1883180141448975, 128, 124, 5, 127, 127, 123, 98, 33, 79, 79, 84, 0, 235, 0, 0, 0
4.188331842422485, 128, 124, 5, 126, 131, 122, 98, 33, 79, 79, 82, 0, 236, 0, 0, 0
4.188344955444336, 128, 124, 5, 126, 127, 123, 98, 33, 79, 79, 82, 0, 237, 0, 0, 0
4.188359022140503, 128, 124, 5, 126, 126, 128, 98, 33, 79, 79, 84, 0, 238, 0, 0, 0
4.188372850418091, 128, 124, 5, 126, 124, 129, 98, 33, 79, 79, 82, 0, 238, 0, 0, 0
4.188385963439941, 128, 124, 5, 124, 122, 129, 100, 33, 79, 79, 84, 0, 239, 0, 0, 0
4.234951972961426, 128, 124, 5, 124, 128, 126, 98, 33, 79, 79, 84, 0, 239, 0, 0, 0
4.2464258670806885, 128, 126, 5, 127, 128, 127, 100, 33, 79, 81, 84, 0, 239, 0, 0, 0
4.246449947357178, 128, 124, 5, 127, 127, 126, 98, 33, 79, 79, 84, 0, 237, 0, 0, 0
4.246464014053345, 128, 124, 5, 127, 128, 126, 98, 33, 79, 79, 82, 0, 235, 0, 0, 0
4.368163824081421, 128, 124, 5, 130, 129, 127, 98, 31, 81, 79, 82, 0, 222, 0, 0, 0
4.368192911148071, 128, 124, 5, 132, 131, 127, 97, 31, 79, 79, 84, 0, 214, 0, 0, 0
4.36821985244751, 128, 124, 5, 135, 131, 127, 97, 31, 79, 79, 82, 0, 204, 0, 0, 0
4.368233919143677, 128, 124, 5, 138, 131, 127, 95, 30, 79, 79, 82, 0, 192, 0, 0, 0
4.368247985839844, 129, 124, 5, 139, 128, 127, 95, 30, 79, 79, 82, 0, 177, 0, 0, 0
4.3801469802856445, 129, 124, 5, 132, 126, 126, 97, 28, 79, 79, 82, 0, 136, 0, 0, 0
4.385696887969971, 129, 124, 5, 128, 126, 125, 97, 28, 79, 81, 82, 0, 118, 0, 0, 0
4.386214971542358, 129, 124, 5, 125, 127, 125, 97, 28, 79, 79, 82, 0, 96, 0, 0, 0
4.3869099617004395, 129, 124, 5, 126, 128, 126, 97, 30, 79, 79, 82, 0, 63, 0, 0, 0
4.3929009437561035, 129, 124, 5, 126, 127, 126, 97, 30, 79, 79, 82, 0, 47, 0, 0, 0
4.392924785614014, 129, 124, 5, 125, 127, 126, 95, 31, 79, 79, 82, 0, 22, 0, 0, 0
4.392939805984497, 129, 124, 5, 126, 125, 128, 97, 31, 79, 79, 82, 0, 9, 0, 0, 0
4.544291019439697, 129, 124, 5, 127, 127, 128, 98, 31, 81, 79, 82, 0, 0, 0, 0, 0
4.54459285736084, 129, 124, 5, 127, 127, 127, 98, 31, 79, 79, 84, 0, 0, 0, 0, 0
4.544717788696289, 129, 124, 5, 127, 127, 127, 97, 31, 79, 81, 84, 0, 0, 0, 0, 0
4.544735908508301, 129, 124, 5, 127, 127, 127, 98, 31, 79, 79, 84, 0, 1, 0, 0, 0
4.544749975204468, 129, 124, 5, 127, 127, 127, 98, 31, 79, 79, 82, 0, 3, 0, 0, 0
4.562635898590088, 129, 124, 5, 127, 126, 128, 98, 33, 79, 79, 84, 0, 9, 0, 0, 0
4.56266188621521, 129, 124, 5, 127, 126, 127, 98, 31, 79, 81, 82, 0, 27, 0, 0, 0
4.562676906585693, 129, 124, 5, 127, 128, 127, 98, 33, 79, 79, 82, 0, 71, 0, 0, 0
4.56269097328186, 129, 124, 5, 126, 128, 125, 98, 31, 79, 79, 82, 0, 107, 0, 0, 0
4.562703847885132, 128, 124, 5, 126, 131, 125, 98, 31, 79, 79, 82, 0, 158, 0, 0, 0
4.562717914581299, 128, 124, 5, 127, 126, 127, 98, 31, 79, 79, 82, 0, 175, 0, 0, 0
4.562731981277466, 128, 124, 5, 127, 125, 127, 98, 31, 79, 79, 84, 0, 190, 0, 0, 0
4.562744855880737, 128, 124, 5, 126, 128, 127, 98, 31, 79, 79, 82, 0, 200, 0, 0, 0
4.641052007675171, 128, 124, 5, 125, 126, 128, 98, 31, 79, 79, 82, 0, 225, 0, 0, 0
4.6534318923950195, 128, 124, 5, 124, 126, 127, 98, 31, 79, 79, 84, 0, 230, 0, 0, 0
4.653456926345825, 128, 124, 5, 123, 126, 127, 98, 31, 79, 79, 84, 0, 233, 0, 0, 0
4.653471946716309, 128, 124, 5, 120, 124, 127, 98, 31, 79, 79, 84, 0, 236, 0, 0, 0
4.659895896911621, 128, 124, 5, 119, 124, 128, 98, 31, 79, 79, 84, 0, 238, 0, 0, 0
4.65991997718811, 128, 124, 5, 119, 126, 128, 98, 31, 79, 81, 84, 0, 239, 0, 0, 0
4.659934997558594, 128, 124, 5, 123, 127, 127, 98, 31, 79, 79, 82, 0, 240, 0, 0, 0
4.659948825836182, 128, 124, 5, 127, 127, 127, 98, 31, 79, 79, 84, 0, 242, 0, 0, 0
4.694720983505249, 128, 124, 5, 126, 127, 126, 98, 31, 79, 79, 84, 0, 243, 0, 0, 0
4.706331014633179, 128, 124, 5, 124, 127, 126, 98, 31, 79, 79, 84, 0, 244, 0, 0, 0
4.706357955932617, 128, 124, 5, 123, 127, 126, 98, 31, 79, 79, 82, 0, 244, 0, 0, 0
4.737551927566528, 128, 124, 5, 124, 128, 126, 98, 30, 79, 81, 82, 0, 244, 0, 0, 0
4.737900018692017, 128, 124, 5, 124, 128, 126, 98, 30, 79, 79, 82, 0, 244, 0, 0, 0
4.737923860549927, 128, 124, 5, 126, 127, 127, 98, 28, 79, 79, 82, 0, 242, 0, 0, 0
4.7442498207092285, 128, 124, 5, 127, 127, 127, 98, 28, 81, 79, 82, 0, 240, 0, 0, 0
4.755674839019775, 128, 124, 5, 128, 127, 128, 97, 28, 81, 79, 82, 0, 235, 0, 0, 0
4.81955885887146, 128, 124, 5, 133, 127, 129, 95, 28, 81, 81, 82, 0, 215, 0, 0, 0
4.819582939147949, 128, 126, 5, 138, 127, 130, 95, 28, 79, 81, 82, 0, 197, 0, 0, 0
4.819597959518433, 128, 126, 5, 143, 130, 129, 95, 28, 81, 79, 82, 0, 167, 0, 0, 0
4.819612979888916, 128, 126, 5, 145, 131, 128, 95, 30, 81, 81, 82, 0, 138, 0, 0, 0
4.87290096282959, 129, 124, 5, 144, 131, 127, 95, 30, 79, 79, 82, 0, 38, 0, 0, 0
4.873373985290527, 129, 124, 5, 133, 130, 124, 97, 30, 79, 79, 82, 0, 9, 0, 0, 0
4.87355899810791, 129, 124, 5, 121, 126, 127, 97, 30, 79, 79, 82, 0, 0, 0, 0, 0
4.873575925827026, 129, 124, 5, 121, 120, 125, 98, 31, 79, 79, 82, 0, 0, 0, 0, 0
4.873589992523193, 129, 124, 5, 118, 122, 129, 97, 30, 79, 79, 82, 0, 0, 0, 0, 0
4.884990930557251, 129, 124, 5, 119, 126, 127, 98, 31, 79, 79, 79, 0, 0, 0, 0, 0
4.885013818740845, 128, 124, 5, 126, 128, 129, 98, 31, 79, 79, 73, 0, 0, 0, 0, 0
4.885028839111328, 129, 124, 5, 129, 128, 126, 98, 31, 81, 79, 81, 0, 0, 0, 0, 0
4.944293022155762, 129, 124, 5, 128, 123, 131, 98, 31, 81, 81, 81, 0, 0, 0, 0, 0
4.944468975067139, 129, 124, 5, 127, 127, 126, 98, 31, 81, 79, 81, 0, 0, 0, 0, 0
4.944487810134888, 129, 124, 5, 127, 130, 124, 98, 31, 81, 81, 81, 0, 0, 0, 0, 0
4.962202787399292, 129, 124, 5, 127, 126, 128, 98, 31, 81, 81, 81, 0, 0, 0, 0, 0
4.962225914001465, 129, 124, 5, 127, 128, 126, 98, 31, 81, 81, 81, 0, 0, 0, 0, 0
4.962240934371948, 129, 124, 5, 127, 127, 127, 98, 31, 81, 81, 81, 0, 0, 0, 0, 0
5.043104887008667, 129, 124, 5, 127, 127, 127, 98, 30, 81, 81, 81, 0, 0, 0, 0, 0
5.043130874633789, 129, 124, 5, 127, 127, 127, 97, 30, 81, 79, 81, 0, 0, 0, 0, 0
5.0431458950042725, 129, 124, 5, 127, 127, 127, 98, 31, 81, 81, 81, 0, 0, 0, 0, 0
5.0431599617004395, 129, 124, 5, 127, 127, 127, 98, 31, 81, 79, 82, 0, 0, 0, 0, 0
5.043173789978027, 129, 124, 5, 127, 127, 127, 98, 31, 81, 81, 82, 0, 0, 0, 0, 0
5.043187856674194, 129, 124, 5, 127, 127, 127, 98, 31, 81, 81, 81, 0, 0, 0, 0, 0
5.0605409145355225, 129, 124, 5, 127, 127, 127, 98, 31, 81, 79, 82, 0, 0, 0, 0, 0
5.060570001602173, 129, 124, 5, 127, 127, 127, 98, 31, 81, 81, 82, 0, 0, 0, 0, 0
5.130580902099609, 129, 124, 5, 127, 127, 127, 98, 31, 81, 81, 81, 0, 0, 0, 0, 0
5.136221885681152, 129, 124, 5, 127, 127, 127, 98, 31, 81, 81, 81, 0, 0, 0, 0, 0
5.143052816390991, 129, 124, 5, 127, 127, 127, 98, 31, 81, 81, 81, 0, 0, 0, 0, 0
5.143932819366455, 129, 124, 5, 127, 127, 127, 98, 31, 81, 81, 81, 0, 0, 0, 0, 0
5.143953800201416, 129, 124, 5, 127, 127, 127, 98, 31, 81, 81, 82, 0, 0, 0, 0, 0
5.160501956939697, 129, 124, 5, 127, 127, 127, 98, 31, 81, 81, 81, 0, 0, 0, 0, 0
5.160525798797607, 129, 124, 5, 127, 127, 127, 98, 31, 81, 81, 81, 0, 0, 0, 0, 0
5.160540819168091, 129, 124, 5, 127, 127, 127, 98, 31, 81, 81, 81, 0, 0, 0, 0, 0
5.160554885864258, 129, 124, 5, 127, 127, 127, 98, 31, 81, 81, 82, 0, 0, 0, 0, 0
5.23016881942749, 129, 124, 5, 126, 127, 126, 98, 31, 81, 81, 81, 0, 0, 0, 0, 0
5.230194807052612, 129, 124, 5, 124, 128, 126, 98, 31, 81, 81, 81, 0, 0, 0, 0, 0
5.230209827423096, 128, 124, 5, 124, 128, 127, 98, 31, 81, 81, 81, 0, 0, 0, 0, 0
5.230223894119263, 128, 124, 5, 124, 126, 127, 98, 31, 81, 79, 81, 0, 0, 0, 0, 0
5.294013977050781, 128, 124, 5, 125, 126, 127, 98, 31, 81, 81, 81, 0, 0, 0, 0, 0
5.294039011001587, 128, 124, 5, 124, 127, 126, 98, 31, 81, 79, 81, 0, 0, 0, 0, 0
5.294053792953491, 128, 124, 5, 125, 127, 127, 98, 31, 81, 79, 81, 0, 0, 0, 0, 0
5.294067859649658, 128, 124, 5, 125, 127, 127, 98, 31, 81, 81, 82, 0, 0, 0, 0, 0
5.294081926345825, 128, 124, 5, 125, 127, 127, 98, 31, 81, 79, 82, 0, 0, 0, 0, 0
5.294094800949097, 128, 124, 5, 126, 127, 127, 98, 31, 82, 79, 82, 0, 0, 0, 0, 0
5.294108867645264, 128, 124, 5, 125, 127, 127, 98, 31, 81, 79, 82, 0, 0, 0, 0, 0
5.294121980667114, 128, 124, 5, 126, 127, 127, 97, 31, 81, 81, 82, 0, 0, 0, 0, 0
5.294137001037598, 128, 124, 5, 127, 127, 127, 97, 31, 81, 81, 82, 0, 0, 0, 0, 0
5.334637880325317, 128, 124, 5, 127, 127, 126, 97, 31, 81, 81, 82, 0, 0, 0, 0, 0
5.334662914276123, 128, 124, 5, 127, 127, 127, 98, 31, 81, 81, 84, 0, 0, 0, 0, 0
5.3346779346466064, 128, 124, 5, 127, 127, 127, 97, 31, 81, 81, 84, 0, 0, 0, 0, 0
5.45337986946106, 128, 124, 5, 127, 127, 128, 98, 31, 81, 81, 84, 0, 0, 0, 0, 0
5.453553915023804, 128, 124, 5, 127, 127, 127, 98, 31, 81, 81, 84, 0, 0, 0, 0, 0
5.453575849533081, 128, 124, 5, 127, 127, 127, 98, 31, 81, 81, 84, 0, 0, 0, 0, 0
5.45961594581604, 128, 124, 5, 127, 127, 127, 98, 31, 81, 81, 84, 0, 0, 0, 0, 0
5.465423822402954, 128, 124, 5, 127, 127, 127, 98, 31, 81, 81, 84, 0, 0, 0, 0, 0
5.476908922195435, 128, 124, 5, 127, 127, 127, 98, 31, 81, 81, 84, 0, 0, 0, 0, 0
5.476931810379028, 128, 124, 5, 127, 127, 127, 98, 31, 81, 81, 84, 0, 0, 0, 0, 0
5.476946830749512, 128, 124, 5, 127, 127, 127, 98, 31, 81, 81, 84, 0, 0, 0, 0, 0
5.476960897445679, 128, 124, 5, 127, 127, 127, 98, 31, 81, 81, 84, 0, 0, 0, 0, 0
5.476974964141846, 128, 124, 5, 127, 127, 127, 98, 31, 81, 81, 84, 0, 0, 0, 0, 0
5.476989984512329, 128, 124, 5, 127, 127, 127, 98, 31, 81, 81, 84, 0, 0, 0, 0, 0
5.477002859115601, 128, 124, 5, 127, 127, 127, 98, 31, 81, 81, 84, 0, 0, 0, 0, 0
5.477016925811768, 128, 124, 5, 127, 127, 127, 98, 31, 81, 81, 84, 0, 0, 0, 0, 0
5.523502826690674, 128, 124, 5, 127, 127, 128, 98, 31, 81, 81, 82, 0, 0, 0, 0, 0
5.552321910858154, 128, 124, 5, 127, 128, 122, 97, 31, 81, 81, 82, 0, 0, 0, 0, 0
5.55234694480896, 128, 124, 5, 127, 129, 126, 97, 31, 81, 81, 82, 0, 0, 0, 0, 0
5.552361011505127, 128, 124, 5, 127, 127, 126, 95, 31, 81, 81, 82, 0, 0, 0, 0, 0
5.552374839782715, 128, 124, 5, 127, 127, 127, 95, 31, 81, 79, 82, 0, 0, 0, 0, 0
5.552388906478882, 128, 124, 5, 127, 128, 126, 95, 31, 81, 81, 82, 0, 0, 0, 0, 0
5.552402019500732, 128, 124, 5, 127, 127, 126, 95, 31, 81, 81, 82, 0, 0, 0, 0, 0
5.55241584777832, 128, 124, 5, 127, 127, 127, 95, 31, 81, 81, 81, 0, 0, 0, 0, 0
5.610677003860474, 128, 124, 5, 127, 127, 127, 95, 31, 81, 79, 81, 0, 0, 0, 0, 0
5.62782096862793, 128, 124, 5, 127, 127, 126, 95, 31, 81, 81, 79, 0, 0, 0, 0, 0
5.627846002578735, 128, 124, 5, 127, 127, 127, 95, 31, 81, 81, 81, 0, 0, 0, 0, 0
5.627861022949219, 128, 124, 5, 127, 127, 127, 97, 31, 81, 81, 81, 0, 0, 0, 0, 0
5.627874851226807, 128, 124, 5, 127, 127, 127, 97, 31, 81, 81, 81, 0, 0, 0, 0, 0
5.692895889282227, 128, 124, 5, 127, 127, 127, 97, 31, 81, 79, 81, 0, 0, 0, 0, 0
5.7105889320373535, 128, 124, 5, 127, 127, 127, 97, 31, 81, 79, 81, 0, 0, 0, 0, 0
5.710615873336792, 128, 124, 5, 127, 127, 127, 97, 31, 81, 79, 81, 0, 0, 0, 0, 0
5.710630893707275, 128, 124, 5, 127, 127, 127, 97, 31, 81, 81, 82, 0, 0, 0, 0, 0
5.710644960403442, 128, 124, 5, 127, 127, 127, 97, 31, 81, 81, 81, 0, 0, 0, 0, 0
5.71065878868103, 128, 124, 5, 127, 127, 127, 97, 31, 81, 79, 81, 0, 0, 0, 0, 0
5.710672855377197, 128, 124, 5, 127, 127, 127, 98, 31, 81, 81, 79, 0, 0, 0, 0, 0
5.710686922073364, 128, 124, 5, 127, 127, 127, 98, 31, 81, 81, 79, 0, 0, 0, 0, 0
5.735201835632324, 128, 124, 5, 127, 127, 127, 98, 31, 81, 81, 79, 0, 0, 0, 0, 0
5.735229969024658, 128, 124, 5, 127, 127, 127, 98, 31, 81, 81, 81, 0, 0, 0, 0, 0
5.794934988021851, 128, 124, 5, 127, 127, 128, 98, 31, 81, 81, 82, 0, 0, 0, 0, 0
5.795267820358276, 128, 124, 5, 127, 126, 127, 98, 31, 81, 81, 81, 0, 0, 0, 0, 0
5.795428991317749, 128, 124, 5, 123, 126, 127, 100, 31, 81, 81, 81, 0, 0, 0, 0, 0
5.795452833175659, 128, 124, 5, 119, 126, 124, 100, 31, 81, 79, 81, 0, 0, 0, 0, 0
5.795467853546143, 128, 124, 5, 113, 125, 125, 100, 31, 81, 81, 81, 0, 0, 0, 0, 0
5.800717830657959, 128, 124, 5, 114, 126, 129, 100, 31, 81, 81, 81, 0, 0, 0, 0, 0
5.812145948410034, 128, 124, 5, 119, 126, 131, 98, 31, 81, 81, 81, 0, 0, 0, 0, 0
5.881793975830078, 128, 124, 5, 130, 128, 127, 98, 31, 81, 81, 81, 0, 0, 0, 0, 0
5.881825923919678, 128, 124, 5, 128, 129, 121, 98, 31, 81, 81, 81, 0, 0, 0, 0, 0
5.928249835968018, 128, 124, 5, 129, 127, 126, 98, 31, 81, 79, 82, 0, 0, 0, 0, 0
5.92827582359314, 128, 124, 5, 128, 127, 128, 98, 31, 81, 79, 82, 0, 0, 0, 0, 0
5.928294897079468, 128, 124, 5, 127, 128, 128, 97, 31, 81, 81, 82, 0, 0, 0, 0, 0
5.928308963775635, 128, 124, 5, 126, 127, 128, 97, 31, 81, 79, 82, 0, 0, 0, 0, 0
5.928322792053223, 128, 124, 5, 127, 127, 127, 97, 31, 81, 79, 81, 0, 0, 0, 0, 0
5.951573848724365, 128, 124, 5, 127, 127, 130, 97, 31, 81, 79, 81, 0, 0, 0, 0, 0
5.9515979290008545, 128, 124, 5, 127, 126, 129, 98, 31, 81, 81, 81, 0, 0, 0, 0, 0
5.951613903045654, 128, 124, 5, 127, 127, 128, 98, 31, 81, 81, 81, 0, 0, 0, 0, 0
5.980512857437134, 128, 124, 5, 127, 127, 128, 98, 31, 81, 81, 81, 6, 0, 0, 0, 0
5.980535984039307, 128, 124, 5, 127, 127, 128, 97, 31, 81, 81, 81, 7, 0, 0, 0, 0
6.055992841720581, 128, 124, 5, 124, 127, 123, 97, 31, 81, 79, 81, 0, 0, 0, 0, 0
6.056020021438599, 128, 124, 5, 123, 127, 126, 97, 31, 81, 79, 81, 0, 0, 0, 0, 0
6.092001914978027, 128, 124, 5, 123, 126, 127, 97, 31, 81, 81, 79, 0, 0, 0, 0, 0
6.092176914215088, 128, 124, 5, 122, 126, 126, 97, 31, 81, 79, 79, 0, 0, 0, 0, 0
6.092198848724365, 128, 124, 5, 123, 127, 127, 97, 31, 81, 79, 79, 0, 0, 0, 0, 0
6.103797912597656, 128, 124, 5, 126, 127, 127, 97, 31, 81, 81, 81, 0, 0, 0, 0, 0
6.103827953338623, 128, 124, 5, 127, 127, 127, 97, 31, 81, 81, 81, 0, 0, 0, 0, 0
6.1038429737091064, 128, 124, 5, 127, 127, 126, 97, 31, 81, 79, 81, 7, 0, 0, 0, 0
6.103856801986694, 128, 124, 5, 127, 127, 126, 97, 31, 81, 81, 81, 25, 0, 0, 0, 0
6.103873014450073, 128, 124, 5, 127, 127, 126, 97, 31, 81, 81, 81, 27, 0, 0, 0, 0
6.103886842727661, 128, 124, 5, 127, 127, 127, 97, 31, 81, 79, 81, 55, 0, 0, 0, 0
6.232249975204468, 128, 124, 5, 127, 127, 127, 97, 31, 81, 79, 81, 100, 0, 0, 0, 0
6.243300914764404, 128, 124, 5, 127, 127, 127, 97, 31, 81, 79, 81, 120, 0, 0, 0, 0
6.2547078132629395, 128, 124, 5, 127, 127, 128, 97, 31, 81, 81, 81, 148, 0, 0, 0, 0
6.254732847213745, 128, 124, 5, 127, 127, 129, 97, 31, 81, 79, 82, 161, 0, 0, 0, 0
6.2547478675842285, 128, 124, 5, 127, 126, 131, 97, 31, 81, 79, 82, 176, 0, 0, 0, 0
6.2547619342803955, 128, 124, 5, 128, 126, 128, 97, 31, 81, 79, 81, 187, 0, 0, 0, 0
6.2547760009765625, 128, 124, 5, 127, 127, 127, 98, 31, 81, 79, 82, 196, 0, 0, 0, 0
6.25478982925415, 128, 124, 5, 126, 127, 125, 97, 31, 81, 81, 82, 206, 0, 0, 0, 0
6.254817962646484, 128, 124, 5, 124, 128, 123, 97, 31, 81, 81, 82, 213, 0, 0, 0, 0
6.254834890365601, 128, 124, 5, 123, 127, 125, 97, 31, 81, 81, 82, 218, 0, 0, 0, 0
6.254848957061768, 128, 124, 5, 124, 126, 127, 98, 31, 81, 81, 82, 224, 0, 0, 0, 0
6.2548627853393555, 128, 124, 5, 125, 127, 124, 98, 31, 81, 79, 82, 234, 0, 0, 0, 0
6.254875898361206, 128, 124, 5, 126, 128, 126, 98, 31, 81, 81, 82, 236, 0, 0, 0, 0
6.359215974807739, 128, 124, 5, 126, 127, 126, 97, 31, 81, 81, 82, 242, 0, 0, 0, 0
6.359242916107178, 128, 124, 5, 127, 126, 130, 97, 31, 81, 81, 82, 243, 0, 0, 0, 0
6.359257936477661, 128, 124, 5, 127, 127, 128, 97, 31, 81, 81, 82, 244, 0, 0, 0, 0
6.417273998260498, 128, 124, 5, 127, 127, 126, 97, 31, 81, 81, 84, 245, 0, 0, 0, 0
6.4173009395599365, 128, 124, 5, 127, 127, 127, 95, 31, 81, 81, 84, 245, 0, 0, 0, 0
6.41731595993042, 128, 124, 5, 127, 127, 126, 94, 30, 81, 79, 84, 246, 0, 0, 0, 0
6.41733193397522, 128, 124, 5, 127, 127, 125, 94, 31, 81, 81, 84, 246, 0, 0, 0, 0
6.417346000671387, 128, 124, 5, 127, 127, 125, 92, 31, 81, 79, 84, 246, 0, 0, 0, 0
6.417359828948975, 128, 124, 5, 127, 127, 125, 92, 31, 81, 81, 84, 246, 0, 0, 0, 0
6.452075004577637, 128, 124, 5, 127, 127, 127, 94, 31, 81, 81, 84, 245, 0, 0, 0, 0
6.452100992202759, 128, 124, 5, 127, 127, 127, 92, 31, 81, 81, 84, 244, 0, 0, 0, 0
6.452116012573242, 128, 124, 5, 127, 127, 127, 94, 31, 81, 81, 84, 243, 0, 0, 0, 0
6.45212984085083, 128, 124, 5, 127, 127, 128, 95, 31, 81, 79, 84, 240, 0, 0, 0, 0
6.452143907546997, 128, 124, 5, 128, 127, 129, 95, 31, 81, 81, 84, 235, 0, 0, 0, 0
6.452157020568848, 128, 124, 5, 128, 127, 130, 95, 31, 81, 79, 84, 217, 0, 0, 0, 0
6.4521708488464355, 128, 124, 5, 129, 127, 130, 95, 31, 81, 79, 84, 195, 0, 0, 0, 0
6.4521849155426025, 128, 124, 5, 130, 127, 129, 95, 31, 81, 81, 84, 170, 0, 0, 0, 0
6.4872918128967285, 128, 124, 5, 129, 127, 128, 95, 31, 81, 81, 84, 131, 0, 0, 0, 0
6.504310846328735, 128, 124, 5, 128, 128, 126, 95, 31, 81, 79, 84, 82, 0, 0, 0, 0
6.504336833953857, 128, 124, 5, 127, 128, 126, 94, 31, 81, 81, 84, 31, 0, 0, 0, 0
6.504351854324341, 128, 124, 5, 125, 127, 124, 92, 31, 81, 81, 84, 0, 0, 0, 0, 0
6.504365921020508, 128, 124, 5, 122, 127, 119, 90, 31, 81, 81, 84, 0, 0, 0, 0, 0
6.5391459465026855, 128, 124, 5, 119, 129, 122, 92, 31, 81, 81, 84, 0, 0, 0, 0, 0
6.5800559520721436, 128, 124, 5, 123, 123, 126, 94, 31, 81, 81, 84, 0, 0, 0, 0, 0
6.59139084815979, 128, 124, 5, 128, 122, 135, 94, 31, 81, 79, 84, 0, 0, 0, 0, 0
6.591416835784912, 128, 124, 5, 128, 125, 136, 95, 31, 81, 81, 84, 0, 0, 0, 0, 0
6.5914318561553955, 128, 124, 5, 127, 127, 123, 95, 31, 81, 81, 84, 0, 0, 0, 0, 0
6.5914459228515625, 128, 124, 5, 127, 129, 126, 95, 31, 81, 81, 84, 0, 0, 0, 0, 0
6.5914599895477295, 128, 124, 5, 127, 126, 127, 95, 31, 81, 81, 84, 0, 0, 0, 0, 0
6.591472864151001, 128, 124, 5, 127, 127, 128, 95, 31, 81, 81, 84, 0, 0, 0, 0, 0
6.690107822418213, 128, 124, 5, 127, 127, 127, 95, 31, 81, 81, 84, 0, 0, 0, 0, 0
6.690135955810547, 128, 124, 5, 127, 127, 127, 95, 31, 81, 81, 84, 0, 0, 0, 0, 0
6.690152883529663, 128, 124, 5, 127, 127, 127, 95, 31, 81, 81, 84, 0, 0, 0, 0, 0
6.69016695022583, 128, 124, 5, 127, 127, 127, 95, 31, 81, 81, 86, 0, 0, 0, 0, 0
6.690181016921997, 128, 124, 5, 127, 127, 127, 95, 31, 81, 81, 84, 0, 0, 0, 0, 0
6.732234001159668, 128, 124, 5, 127, 127, 127, 95, 31, 81, 79, 84, 0, 0, 0, 0, 0
6.7322609424591064, 128, 124, 5, 126, 131, 126, 95, 31, 81, 79, 84, 0, 0, 0, 0, 0
6.73227596282959, 128, 124, 5, 126, 131, 124, 95, 30, 81, 79, 84, 0, 0, 0, 0, 0
6.732290983200073, 128, 124, 5, 128, 124, 128, 95, 31, 81, 79, 84, 0, 0, 0, 0, 0
6.732303857803345, 128, 124, 5, 127, 127, 128, 95, 31, 79, 79, 84, 0, 0, 0, 0, 0
6.732317924499512, 128, 124, 5, 127, 128, 127, 95, 31, 81, 79, 84, 0, 0, 0, 0, 0
6.732330799102783, 128, 124, 5, 127, 127, 127, 95, 31, 81, 79, 84, 0, 0, 0, 0, 0
6.79024600982666, 128, 124, 5, 127, 128, 127, 95, 30, 79, 79, 84, 0, 0, 0, 0, 0
6.79027795791626, 128, 124, 5, 129, 130, 128, 95, 30, 79, 79, 84, 0, 0, 0, 0, 0
6.790292978286743, 128, 124, 5, 133, 132, 131, 95, 30, 79, 79, 82, 0, 0, 0, 0, 0
6.790306806564331, 128, 124, 5, 138, 131, 129, 95, 30, 78, 79, 82, 0, 0, 0, 0, 0
6.830888986587524, 128, 124, 5, 140, 129, 127, 95, 31, 79, 79, 84, 0, 0, 0, 0, 0
6.830932855606079, 128, 124, 5, 136, 126, 126, 95, 31, 79, 79, 84, 0, 0, 0, 0, 0
6.830963850021362, 128, 124, 5, 131, 122, 128, 95, 31, 79, 79, 84, 0, 0, 0, 0, 0
6.830989837646484, 128, 124, 5, 131, 126, 129, 97, 31, 81, 79, 84, 0, 1, 0, 0, 0
6.854161977767944, 128, 124, 5, 131, 127, 127, 97, 31, 79, 79, 84, 0, 14, 0, 0, 0
6.871542930603027, 128, 124, 5, 131, 127, 127, 97, 33, 79, 79, 84, 0, 23, 0, 0, 0
6.912184953689575, 128, 124, 5, 130, 128, 128, 97, 31, 81, 79, 84, 0, 51, 0, 0, 0
6.912210941314697, 128, 124, 5, 129, 127, 128, 97, 31, 79, 79, 84, 0, 73, 0, 0, 0
6.9934728145599365, 128, 124, 5, 128, 127, 128, 97, 31, 81, 79, 84, 0, 85, 0, 0, 0
6.993498802185059, 128, 124, 5, 127, 126, 127, 97, 33, 79, 79, 84, 0, 113, 0, 0, 0
6.993513822555542, 128, 124, 5, 127, 128, 126, 97, 31, 81, 79, 84, 0, 133, 0, 0, 0
6.993527889251709, 128, 124, 5, 127, 128, 128, 97, 33, 79, 79, 84, 0, 149, 0, 0, 0
7.018154859542847, 128, 124, 5, 127, 126, 128, 98, 31, 81, 79, 84, 0, 169, 0, 0, 0
7.018320798873901, 128, 124, 5, 127, 127, 127, 97, 31, 79, 79, 84, 0, 185, 0, 0, 0
7.023854970932007, 128, 124, 5, 127, 128, 126, 98, 33, 79, 79, 84, 0, 195, 0, 0, 0
7.023877859115601, 128, 124, 5, 127, 131, 125, 98, 31, 79, 79, 84, 0, 205, 0, 0, 0
7.023892879486084, 128, 124, 5, 127, 129, 128, 98, 33, 79, 79, 84, 0, 212, 0, 0, 0
7.023906946182251, 128, 124, 5, 127, 126, 128, 98, 33, 79, 79, 84, 0, 219, 0, 0, 0
7.0239198207855225, 128, 124, 5, 128, 123, 129, 98, 33, 79, 79, 84, 0, 223, 0, 0, 0
7.023934841156006, 128, 124, 5, 129, 124, 131, 98, 33, 81, 79, 86, 0, 227, 0, 0, 0
7.023948907852173, 128, 124, 5, 127, 128, 126, 97, 33, 81, 79, 84, 0, 233, 0, 0, 0
7.023962020874023, 128, 124, 5, 126, 128, 126, 98, 33, 79, 79, 84, 0, 235, 0, 0, 0
7.023975849151611, 128, 124, 5, 127, 126, 126, 98, 33, 81, 79, 84, 0, 237, 0, 0, 0
7.065866947174072, 128, 124, 5, 127, 126, 127, 98, 33, 79, 79, 84, 0, 238, 0, 0, 0
7.074329853057861, 128, 124, 5, 127, 127, 127, 98, 33, 79, 81, 84, 0, 240, 0, 0, 0
7.080500841140747, 128, 124, 5, 127, 127, 127, 98, 33, 79, 79, 84, 0, 240, 0, 0, 0
7.08052396774292, 128, 124, 5, 127, 127, 127, 98, 33, 79, 79, 84, 0, 240, 0, 0, 0
7.128302812576294, 128, 124, 5, 127, 128, 125, 98, 31, 79, 79, 84, 0, 237, 0, 0, 0
7.128330945968628, 128, 124, 5, 128, 131, 126, 98, 30, 78, 79, 82, 0, 233, 0, 0, 0
7.128345966339111, 128, 124, 5, 130, 133, 126, 97, 28, 78, 79, 84, 0, 228, 0, 0, 0
7.128359794616699, 128, 124, 5, 132, 131, 125, 95, 27, 78, 79, 82, 0, 221, 0, 0, 0
7.159034013748169, 128, 124, 5, 135, 129, 126, 95, 27, 76, 79, 82, 0, 213, 0, 0, 0
7.165522813796997, 128, 124, 5, 134, 129, 124, 97, 25, 74, 78, 84, 0, 182, 0, 0, 0
7.1655449867248535, 128, 124, 5, 128, 128, 126, 97, 27, 73, 79, 84, 0, 158, 0, 0, 0
7.218819856643677, 128, 124, 5, 120, 127, 126, 97, 27, 73, 79, 82, 0, 114, 0, 0, 0
7.225618839263916, 128, 124, 5, 100, 126, 125, 97, 27, 73, 78, 84, 0, 8, 0, 0, 0
7.225644826889038, 128, 124, 5, 94, 127, 123, 97, 28, 73, 78, 84, 0, 0, 0, 0, 0
7.2256598472595215, 128, 124, 5, 93, 123, 126, 97, 28, 74, 78, 84, 0, 0, 0, 0, 0
7.324527978897095, 127, 124, 5, 123, 116, 128, 98, 30, 78, 81, 84, 0, 0, 0, 0, 0
7.324553966522217, 127, 124, 5, 128, 116, 131, 98, 30, 78, 79, 84, 0, 0, 0, 0, 0
7.324569940567017, 127, 124, 5, 131, 126, 127, 98, 30, 78, 79, 84, 0, 0, 0, 0, 0
7.324584007263184, 127, 124, 5, 127, 136, 137, 98, 30, 79, 79, 86, 0, 0, 0, 0, 0
7.3245978355407715, 127, 124, 5, 127, 126, 123, 98, 30, 79, 79, 86, 0, 0, 0, 0, 0
7.335946798324585, 127, 124, 5, 127, 127, 126, 98, 30, 79, 79, 84, 0, 0, 0, 0, 0
7.335970878601074, 127, 124, 5, 127, 127, 130, 98, 30, 79, 79, 84, 0, 0, 0, 0, 0
7.335985898971558, 127, 124, 5, 127, 127, 127, 98, 30, 79, 81, 84, 0, 0, 0, 0, 0
7.42304801940918, 127, 124, 5, 127, 127, 128, 98, 30, 79, 81, 86, 0, 0, 0, 0, 0
7.423075914382935, 127, 124, 5, 127, 127, 127, 98, 30, 79, 79, 84, 0, 0, 0, 0, 0
7.423090934753418, 127, 124, 5, 127, 127, 126, 98, 30, 79, 79, 86, 0, 0, 0, 0, 0
7.423105001449585, 127, 124, 5, 127, 127, 127, 98, 30, 79, 81, 84, 0, 0, 0, 0, 0
7.423118829727173, 127, 124, 5, 127, 127, 127, 98, 30, 79, 79, 84, 0, 0, 0, 0, 0
7.469420909881592, 127, 124, 5, 127, 127, 127, 98, 30, 79, 81, 84, 0, 0, 0, 0, 0
7.469449996948242, 127, 124, 5, 127, 127, 127, 98, 30, 79, 79, 84, 0, 0, 0, 0, 0
7.469465017318726, 127, 124, 5, 127, 127, 127, 98, 30, 79, 79, 84, 0, 0, 0, 0, 0
7.515875816345215, 127, 124, 5, 127, 127, 127, 98, 30, 78, 79, 84, 0, 0, 0, 0, 0
7.515902996063232, 127, 124, 5, 130, 128, 128, 98, 30, 74, 78, 82, 0, 0, 0, 0, 0
7.515918016433716, 127, 124, 5, 129, 138, 124, 98, 30, 73, 76, 82, 0, 0, 0, 0, 0
7.51593279838562, 127, 124, 5, 133, 134, 123, 97, 30, 70, 74, 82, 0, 0, 0, 0, 0
7.515945911407471, 127, 124, 5, 134, 131, 127, 98, 30, 68, 74, 82, 0, 0, 0, 0, 0
7.568641901016235, 127, 124, 5, 134, 134, 126, 97, 30, 66, 73, 78, 0, 0, 0, 0, 0
7.568779945373535, 128, 124, 5, 131, 131, 128, 97, 30, 66, 73, 79, 0, 0, 0, 0, 0
7.568806886672974, 128, 124, 5, 128, 126, 127, 97, 30, 66, 74, 79, 0, 0, 0, 0, 0
7.5740180015563965, 128, 124, 5, 127, 126, 127, 97, 30, 66, 74, 78, 0, 0, 3, 0, 0
7.585531949996948, 128, 124, 5, 127, 126, 127, 97, 30, 68, 74, 78, 0, 0, 7, 0, 0
7.58555793762207, 128, 124, 5, 127, 127, 127, 97, 30, 68, 74, 79, 0, 0, 8, 0, 0
7.58557391166687, 128, 124, 5, 127, 127, 127, 98, 30, 68, 74, 79, 0, 0, 14, 0, 0
7.585597991943359, 128, 124, 5, 127, 126, 127, 97, 30, 68, 74, 79, 0, 0, 21, 0, 0
7.602947950363159, 128, 124, 5, 127, 127, 126, 97, 30, 68, 74, 79, 0, 0, 49, 0, 0
7.632004022598267, 128, 124, 5, 127, 126, 127, 97, 30, 70, 74, 79, 0, 0, 71, 0, 0
7.663802862167358, 128, 124, 5, 127, 126, 127, 97, 30, 70, 76, 79, 0, 0, 106, 0, 0
7.664752960205078, 128, 124, 5, 127, 126, 127, 98, 31, 71, 74, 79, 0, 0, 120, 0, 0
7.671083927154541, 128, 124, 5, 127, 126, 127, 98, 30, 71, 76, 79, 0, 0, 136, 0, 0
7.671108961105347, 128, 124, 5, 128, 120, 128, 98, 30, 74, 78, 79, 0, 0, 165, 0, 0
7.6711249351501465, 128, 124, 5, 128, 118, 131, 98, 30, 74, 78, 79, 0, 0, 179, 0, 0
7.705956935882568, 128, 124, 5, 136, 131, 128, 98, 30, 74, 76, 79, 0, 0, 220, 0, 0
7.747105836868286, 128, 124, 5, 135, 125, 128, 98, 30, 76, 78, 81, 0, 0, 229, 0, 0
7.758160829544067, 128, 124, 5, 131, 125, 127, 100, 31, 76, 78, 79, 0, 0, 232, 0, 0
7.7581868171691895, 128, 124, 5, 124, 127, 126, 98, 30, 74, 78, 81, 0, 0, 237, 0, 0
7.758201837539673, 128, 124, 5, 124, 128, 127, 98, 30, 74, 78, 81, 0, 0, 239, 0, 0
7.815280914306641, 128, 124, 5, 126, 127, 127, 100, 30, 74, 78, 79, 0, 0, 240, 0, 0
7.815486907958984, 128, 124, 5, 127, 125, 127, 98, 30, 76, 78, 79, 0, 0, 241, 0, 0
7.815517902374268, 128, 124, 5, 127, 123, 128, 100, 31, 76, 78, 79, 0, 0, 242, 0, 0
7.82643985748291, 128, 124, 5, 126, 124, 129, 100, 31, 76, 78, 81, 0, 0, 244, 0, 0
7.826463937759399, 128, 124, 5, 125, 125, 128, 100, 31, 76, 78, 79, 0, 0, 244, 0, 0
7.826478004455566, 128, 124, 5, 124, 129, 126, 100, 31, 76, 78, 79, 0, 0, 243, 0, 0
7.878678798675537, 128, 124, 5, 126, 129, 127, 98, 31, 76, 78, 81, 0, 0, 242, 0, 0
7.878706932067871, 128, 124, 5, 128, 125, 126, 100, 31, 76, 78, 81, 0, 0, 240, 0, 0
7.878722906112671, 128, 124, 5, 128, 128, 126, 100, 30, 74, 78, 79, 0, 0, 238, 0, 0
7.878736972808838, 128, 124, 5, 127, 132, 127, 98, 30, 73, 76, 79, 0, 0, 233, 0, 0
7.91351580619812, 128, 124, 5, 128, 135, 126, 98, 30, 70, 74, 78, 0, 0, 226, 0, 0
7.954142808914185, 128, 124, 5, 128, 140, 124, 98, 30, 70, 71, 76, 0, 0, 217, 0, 0
7.954169988632202, 128, 124, 5, 126, 144, 123, 98, 30, 70, 70, 76, 0, 0, 202, 0, 0
7.9541850090026855, 128, 124, 5, 123, 140, 125, 98, 30, 70, 70, 76, 0, 0, 183, 0, 0
7.95419979095459, 128, 124, 5, 119, 128, 128, 98, 30, 71, 70, 78, 0, 0, 153, 0, 0
7.95421290397644, 128, 124, 5, 113, 120, 128, 98, 30, 71, 70, 76, 0, 0, 110, 0, 0
7.954226970672607, 127, 124, 5, 106, 123, 127, 98, 30, 71, 71, 76, 0, 0, 71, 0, 0
8.076150894165039, 127, 124, 4, 99, 114, 124, 100, 31, 70, 73, 78, 0, 0, 5, 0, 0
8.082546949386597, 127, 124, 5, 109, 117, 125, 100, 31, 70, 74, 78, 0, 0, 0, 0, 0
8.082820892333984, 127, 124, 5, 123, 119, 122, 100, 31, 68, 76, 78, 0, 0, 0, 0, 0
8.082839965820312, 127, 124, 5, 133, 124, 125, 100, 31, 68, 76, 78, 0, 0, 0, 0, 0
8.089950799942017, 127, 124, 5, 136, 126, 128, 100, 31, 68, 76, 78, 0, 0, 0, 0, 0
8.090115785598755, 127, 124, 5, 133, 130, 133, 100, 31, 70, 76, 78, 0, 0, 0, 0, 0
8.090133905410767, 127, 124, 5, 130, 129, 126, 100, 31, 71, 76, 79, 0, 0, 0, 0, 0
8.102171897888184, 127, 124, 5, 126, 127, 127, 100, 31, 73, 76, 78, 0, 0, 0, 0, 0
8.102195978164673, 127, 124, 5, 127, 127, 124, 100, 30, 74, 76, 79, 0, 0, 0, 0, 0
8.102210998535156, 127, 124, 5, 126, 127, 128, 98, 31, 74, 76, 79, 0, 0, 0, 0, 0
8.102224826812744, 127, 124, 5, 126, 127, 124, 100, 31, 74, 76, 79, 0, 0, 0, 0, 0
8.102238893508911, 127, 124, 5, 127, 127, 128, 100, 31, 74, 76, 79, 0, 0, 0, 0, 0
8.102252006530762, 127, 124, 5, 127, 125, 126, 98, 31, 74, 76, 79, 0, 0, 0, 0, 0
8.10226583480835, 127, 124, 5, 127, 128, 128, 100, 31, 74, 78, 78, 0, 0, 0, 0, 0
8.177652835845947, 127, 124, 5, 127, 127, 127, 100, 31, 74, 76, 78, 0, 0, 0, 0, 0
8.17767882347107, 127, 124, 5, 127, 127, 127, 100, 31, 74, 76, 78, 0, 0, 0, 0, 0
8.177693843841553, 127, 124, 5, 127, 127, 127, 100, 31, 74, 76, 79, 0, 0, 0, 0, 0
8.17770791053772, 127, 124, 5, 127, 127, 127, 100, 31, 74, 76, 79, 0, 0, 0, 0, 0
8.183458805084229, 127, 124, 5, 127, 127, 127, 100, 31, 74, 78, 81, 0, 0, 0, 0, 0
8.183481931686401, 127, 124, 5, 127, 127, 127, 100, 31, 74, 76, 79, 0, 0, 0, 0, 0
8.183496952056885, 127, 124, 5, 130, 131, 125, 100, 31, 74, 73, 76, 0, 0, 0, 0, 0
8.183511018753052, 127, 124, 5, 128, 137, 131, 98, 30, 73, 71, 73, 0, 0, 0, 0, 0
8.22986888885498, 127, 124, 5, 128, 147, 130, 98, 30, 73, 68, 70, 0, 0, 0, 0, 0
8.229897022247314, 127, 123, 5, 127, 134, 130, 98, 31, 73, 68, 68, 0, 0, 0, 0, 0
8.229911804199219, 127, 123, 5, 126, 128, 127, 98, 31, 73, 68, 68, 0, 0, 0, 0, 0
8.229925870895386, 127, 123, 5, 126, 129, 126, 98, 30, 73, 68, 66, 0, 0, 0, 0, 0
8.30530595779419, 127, 123, 5, 127, 127, 128, 98, 31, 74, 70, 68, 0, 0, 0, 0, 0
8.30533480644226, 127, 123, 5, 128, 122, 128, 98, 31, 74, 71, 70, 0, 0, 0, 0, 0
8.305349826812744, 127, 123, 5, 128, 122, 128, 98, 31, 74, 71, 70, 0, 0, 0, 0, 0
8.305363893508911, 127, 123, 4, 129, 123, 128, 98, 31, 74, 73, 73, 0, 0, 0, 0, 0
8.305377960205078, 127, 123, 5, 131, 121, 127, 98, 31, 74, 73, 73, 0, 0, 0, 0, 0
8.305391788482666, 127, 124, 5, 133, 119, 125, 100, 31, 74, 74, 73, 0, 0, 0, 0, 0
8.305404901504517, 127, 124, 5, 132, 123, 130, 98, 30, 76, 74, 73, 0, 0, 0, 0, 0
8.305418968200684, 127, 124, 5, 129, 127, 127, 100, 31, 76, 74, 73, 0, 0, 0, 0, 0
8.357582807540894, 127, 124, 5, 127, 128, 127, 98, 31, 76, 73, 73, 0, 0, 0, 0, 0
8.357608795166016, 127, 124, 5, 127, 126, 127, 100, 31, 76, 74, 73, 0, 0, 0, 0, 0
8.357623815536499, 127, 124, 5, 127, 126, 126, 100, 31, 74, 73, 74, 0, 0, 0, 0, 0
8.404748916625977, 127, 124, 5, 126, 125, 127, 98, 31, 74, 74, 73, 0, 0, 0, 2, 0
8.410007953643799, 127, 124, 5, 126, 126, 127, 98, 31, 74, 74, 73, 0, 0, 0, 9, 0
8.421688795089722, 127, 124, 5, 126, 127, 127, 98, 30, 76, 74, 74, 0, 0, 0, 14, 0
8.421778917312622, 127, 124, 5, 126, 127, 127, 100, 31, 76, 74, 74, 0, 0, 0, 14, 0
8.467856884002686, 127, 124, 5, 124, 125, 126, 98, 31, 76, 74, 73, 0, 0, 0, 19, 0
8.485284805297852, 127, 124, 5, 123, 126, 126, 100, 31, 76, 74, 74, 0, 0, 0, 39, 0
8.485310792922974, 127, 124, 5, 122, 127, 126, 100, 30, 76, 74, 74, 0, 0, 0, 45, 0
8.485327005386353, 127, 124, 5, 122, 128, 127, 100, 31, 76, 74, 74, 0, 0, 0, 62, 0
8.51455283164978, 127, 124, 5, 126, 126, 127, 100, 31, 76, 74, 74, 0, 0, 0, 70, 0
8.525900840759277, 127, 124, 5, 125, 126, 127, 100, 31, 76, 74, 74, 0, 0, 0, 79, 0
8.525925874710083, 127, 124, 5, 124, 128, 128, 100, 31, 74, 74, 74, 0, 0, 0, 84, 0
8.584218978881836, 127, 124, 5, 126, 130, 128, 100, 31, 76, 74, 74, 0, 0, 0, 102, 0
8.595565795898438, 127, 124, 5, 127, 129, 127, 100, 31, 76, 73, 74, 0, 0, 0, 119, 0
8.595589876174927, 127, 124, 5, 126, 128, 127, 100, 30, 74, 73, 74, 0, 0, 0, 138, 0
8.595615863800049, 127, 124, 5, 126, 131, 129, 100, 31, 74, 73, 74, 0, 0, 0, 155, 0
8.5956289768219, 127, 124, 5, 126, 130, 128, 100, 31, 76, 73, 74, 0, 0, 0, 167, 0
8.595642805099487, 127, 124, 5, 128, 126, 127, 100, 31, 76, 73, 74, 0, 0, 0, 176, 0
8.595656871795654, 127, 124, 5, 127, 123, 127, 100, 31, 76, 74, 74, 0, 0, 0, 182, 0
8.647782802581787, 127, 124, 4, 124, 126, 129, 100, 31, 76, 74, 76, 0, 0, 0, 194, 0
8.647812843322754, 126, 124, 4, 121, 128, 129, 100, 31, 76, 74, 76, 0, 0, 0, 199, 0
8.647827863693237, 126, 124, 4, 119, 131, 129, 100, 31, 76, 74, 74, 0, 0, 0, 203, 0
8.647841930389404, 126, 124, 4, 121, 131, 128, 100, 31, 76, 74, 76, 0, 0, 0, 208, 0
8.647855997085571, 126, 124, 4, 122, 131, 128, 100, 31, 76, 74, 74, 0, 0, 0, 211, 0
8.759618997573853, 126, 124, 4, 127, 126, 127, 100, 31, 76, 74, 74, 0, 0, 0, 217, 0
8.759821891784668, 126, 124, 4, 127, 128, 128, 100, 31, 76, 74, 74, 0, 0, 0, 221, 0
8.75984001159668, 126, 124, 4, 127, 127, 128, 100, 31, 76, 74, 74, 0, 0, 0, 223, 0
8.77108383178711, 126, 124, 4, 127, 127, 128, 100, 31, 76, 74, 73, 0, 0, 0, 228, 0
8.771106958389282, 126, 124, 4, 127, 126, 128, 100, 31, 76, 74, 73, 0, 0, 0, 230, 0
8.771123886108398, 126, 124, 4, 127, 126, 128, 100, 31, 76, 74, 76, 0, 0, 0, 233, 0
8.771137952804565, 126, 124, 4, 127, 126, 127, 100, 31, 76, 74, 74, 0, 0, 0, 236, 0
8.771150827407837, 126, 124, 4, 127, 126, 127, 100, 30, 76, 74, 76, 0, 0, 0, 238, 0
8.771164894104004, 126, 124, 4, 127, 127, 126, 100, 30, 76, 74, 76, 0, 0, 0, 239, 0
8.771178960800171, 126, 124, 4, 127, 125, 127, 100, 31, 76, 73, 76, 0, 0, 0, 241, 0
8.771191835403442, 126, 124, 4, 127, 121, 126, 100, 31, 76, 71, 76, 0, 0, 0, 242, 0
8.823356866836548, 126, 124, 4, 117, 127, 127, 100, 31, 76, 68, 78, 0, 0, 0, 245, 0
8.823381900787354, 126, 124, 4, 116, 130, 123, 100, 31, 76, 66, 78, 0, 0, 0, 245, 0
8.823396921157837, 126, 124, 4, 119, 127, 124, 100, 31, 76, 66, 78, 0, 0, 0, 246, 0
8.823410987854004, 126, 124, 4, 125, 126, 126, 100, 31, 76, 66, 78, 0, 0, 0, 246, 0
8.823424816131592, 126, 124, 4, 127, 126, 126, 100, 31, 76, 65, 78, 0, 0, 0, 246, 0
8.852897882461548, 126, 124, 4, 130, 127, 126, 100, 31, 74, 65, 78, 0, 0, 0, 246, 0
8.863968849182129, 126, 124, 4, 132, 130, 125, 100, 31, 74, 63, 78, 0, 0, 0, 247, 0
8.863994836807251, 126, 124, 5, 133, 128, 126, 100, 31, 74, 63, 78, 0, 0, 0, 247, 0
8.864009857177734, 126, 124, 5, 132, 127, 127, 100, 31, 74, 63, 78, 0, 0, 0, 247, 0
8.906101942062378, 126, 124, 5, 131, 126, 127, 100, 31, 74, 63, 78, 0, 0, 0, 248, 0
8.90613079071045, 126, 124, 4, 128, 126, 127, 100, 31, 74, 63, 78, 0, 0, 0, 248, 0
8.906145811080933, 126, 124, 4, 127, 126, 127, 100, 30, 74, 63, 78, 0, 0, 0, 248, 0
8.993221998214722, 126, 124, 4, 127, 127, 127, 100, 31, 74, 63, 78, 0, 0, 0, 248, 0
8.993247985839844, 126, 124, 4, 126, 128, 127, 100, 31, 74, 63, 78, 0, 0, 0, 248, 0
8.993263006210327, 126, 124, 4, 125, 128, 128, 100, 30, 74, 63, 78, 0, 0, 0, 248, 0
8.993276834487915, 126, 124, 4, 126, 127, 128, 100, 31, 74, 65, 78, 0, 0, 0, 248, 0
8.993290901184082, 126, 124, 4, 126, 127, 128, 100, 31, 74, 65, 78, 0, 0, 0, 248, 0
8.993304967880249, 126, 124, 4, 126, 126, 127, 100, 30, 74, 65, 78, 0, 0, 0, 248, 0
8.993318796157837, 126, 124, 4, 126, 125, 127, 100, 31, 74, 65, 78, 0, 0, 0, 248, 0
8.993331909179688, 126, 124, 4, 126, 125, 127, 100, 31, 74, 65, 78, 0, 0, 0, 248, 0
8.993346929550171, 126, 124, 4, 124, 126, 127, 100, 31, 74, 65, 78, 0, 0, 0, 248, 0
9.046819925308228, 126, 124, 4, 121, 127, 127, 100, 31, 74, 66, 78, 0, 0, 0, 246, 0
9.046847820281982, 126, 124, 4, 120, 127, 126, 100, 31, 76, 66, 78, 0, 0, 0, 245, 0
9.046862840652466, 126, 124, 4, 120, 127, 126, 100, 31, 74, 65, 78, 0, 0, 0, 241, 0
9.04687786102295, 126, 124, 4, 120, 127, 126, 100, 31, 74, 66, 78, 0, 0, 0, 236, 0
9.0468909740448, 126, 124, 4, 121, 128, 126, 100, 31, 74, 66, 78, 0, 0, 0, 226, 0
9.145550012588501, 126, 124, 4, 127, 128, 127, 100, 31, 76, 66, 78, 0, 0, 0, 172, 0
9.14557695388794, 126, 124, 4, 127, 127, 127, 100, 31, 74, 66, 78, 0, 0, 0, 121, 0
9.145591974258423, 126, 124, 4, 126, 127, 127, 100, 31, 76, 66, 78, 0, 0, 0, 31, 0
9.14560580253601, 126, 124, 4, 126, 126, 126, 100, 31, 76, 66, 78, 0, 0, 0, 0, 0
9.145619869232178, 126, 124, 5, 127, 124, 125, 100, 33, 76, 68, 78, 0, 0, 0, 0, 0
9.145632982254028, 126, 124, 5, 128, 123, 126, 100, 30, 74, 70, 78, 0, 0, 0, 0, 0
9.145646810531616, 126, 124, 5, 128, 109, 114, 100, 31, 73, 71, 78, 0, 0, 0, 0, 0
9.145659923553467, 126, 124, 5, 125, 130, 134, 100, 31, 74, 73, 78, 0, 0, 0, 0, 0
9.145673990249634, 126, 124, 5, 131, 126, 117, 100, 31, 76, 74, 78, 0, 0, 0, 0, 0
9.203555822372437, 126, 124, 5, 127, 131, 123, 100, 31, 76, 74, 76, 0, 0, 0, 0, 0
9.203581809997559, 126, 124, 5, 127, 125, 126, 100, 31, 76, 76, 78, 0, 0, 0, 0, 0
9.203596830368042, 126, 124, 5, 127, 126, 126, 100, 31, 76, 74, 78, 0, 0, 0, 0, 0
9.203610897064209, 126, 124, 5, 127, 128, 128, 100, 31, 76, 76, 78, 0, 0, 0, 0, 0
9.244217872619629, 126, 124, 5, 127, 127, 127, 100, 31, 78, 74, 78, 0, 0, 0, 0, 0
9.244241952896118, 126, 124, 5, 127, 127, 127, 100, 31, 76, 76, 78, 0, 0, 0, 0, 0
9.244256973266602, 126, 124, 5, 127, 127, 127, 100, 31, 78, 74, 78, 0, 0, 0, 0, 0
9.331507921218872, 126, 124, 5, 127, 127, 127, 100, 31, 78, 74, 78, 0, 0, 0, 0, 0
9.34281587600708, 126, 124, 5, 127, 127, 127, 100, 31, 78, 76, 78, 0, 0, 0, 0, 0
9.342840909957886, 126, 124, 5, 127, 127, 127, 100, 31, 78, 76, 78, 0, 0, 0, 0, 0
9.34285593032837, 126, 124, 5, 127, 127, 127, 102, 31, 78, 76, 78, 0, 0, 0, 0, 0
9.349205017089844, 126, 124, 5, 127, 127, 127, 100, 31, 78, 76, 78, 0, 0, 0, 0, 0
9.349228858947754, 126, 124, 5, 127, 127, 127, 100, 31, 78, 76, 78, 0, 0, 0, 0, 0
9.349243879318237, 126, 124, 5, 127, 127, 127, 100, 31, 78, 76, 78, 0, 0, 0, 0, 0
9.384934902191162, 126, 124, 5, 127, 127, 127, 100, 31, 78, 76, 78, 0, 0, 0, 0, 0
9.397039890289307, 126, 124, 5, 127, 127, 127, 100, 31, 78, 76, 76, 0, 0, 0, 0, 0
9.397066831588745, 126, 124, 5, 127, 127, 127, 100, 31, 78, 76, 78, 0, 0, 0, 0, 0
9.397081851959229, 126, 124, 5, 127, 127, 127, 100, 31, 78, 76, 78, 0, 0, 0, 0, 0
9.450362920761108, 126, 124, 5, 127, 127, 127, 100, 31, 78, 76, 78, 0, 0, 0, 0, 0
9.450551986694336, 126, 124, 5, 127, 127, 127, 100, 31, 78, 76, 78, 0, 0, 0, 0, 0
9.450569868087769, 126, 124, 5, 127, 127, 127, 100, 31, 78, 76, 78, 0, 0, 0, 0, 0
9.461851835250854, 126, 124, 5, 127, 127, 127, 100, 31, 78, 76, 78, 0, 0, 0, 0, 0
9.461875915527344, 126, 124, 5, 127, 127, 127, 100, 31, 78, 76, 78, 0, 0, 0, 0, 0
9.46188998222351, 126, 124, 5, 127, 127, 127, 100, 31, 78, 76, 78, 0, 0, 0, 0, 0
9.514100790023804, 126, 124, 5, 127, 127, 127, 100, 31, 78, 76, 76, 0, 0, 0, 0, 0
9.514127969741821, 126, 124, 5, 127, 127, 127, 100, 30, 78, 76, 78, 0, 0, 0, 0, 0
9.514142990112305, 126, 124, 5, 127, 127, 127, 100, 31, 79, 76, 78, 0, 0, 0, 0, 0
9.514158010482788, 126, 124, 5, 127, 127, 127, 100, 31, 78, 76, 78, 0, 0, 0, 0, 0
9.514172792434692, 126, 124, 5, 127, 127, 127, 100, 31, 78, 76, 78, 0, 0, 0, 0, 0
9.573592901229858, 126, 124, 5, 127, 127, 127, 100, 31, 78, 76, 78, 0, 0, 0, 0, 0
9.575174808502197, 126, 124, 5, 127, 127, 127, 100, 30, 78, 76, 78, 0, 0, 0, 0, 0
9.575318813323975, 126, 124, 5, 127, 127, 127, 100, 31, 78, 76, 78, 0, 0, 0, 0, 0
9.575336933135986, 126, 124, 5, 127, 127, 127, 100, 31, 78, 76, 78, 0, 0, 0, 0, 0
9.575350999832153, 126, 124, 5, 127, 127, 127, 100, 31, 78, 76, 78, 0, 0, 0, 0, 0
9.586700916290283, 126, 124, 5, 127, 127, 127, 100, 31, 79, 76, 78, 0, 0, 0, 0, 0
9.586731910705566, 126, 124, 5, 127, 127, 127, 100, 31, 78, 76, 76, 0, 0, 0, 0, 0
9.633103847503662, 126, 124, 5, 127, 127, 127, 100, 31, 78, 76, 78, 0, 0, 0, 0, 0
9.650993824005127, 126, 124, 5, 127, 127, 127, 100, 31, 78, 76, 78, 0, 0, 0, 0, 0
9.662089824676514, 126, 124, 5, 127, 127, 127, 98, 31, 79, 76, 78, 0, 0, 0, 0, 0
9.662117958068848, 126, 124, 5, 127, 127, 127, 100, 31, 78, 76, 78, 0, 0, 0, 0, 0
9.662133932113647, 126, 124, 5, 127, 127, 127, 100, 31, 78, 76, 78, 0, 0, 0, 0, 0
9.662147998809814, 126, 124, 5, 127, 127, 127, 100, 31, 78, 76, 78, 0, 0, 0, 0, 0
9.662160873413086, 126, 124, 5, 127, 127, 127, 100, 31, 78, 76, 78, 0, 0, 0, 0, 0
9.737787008285522, 126, 124, 5, 127, 127, 127, 100, 31, 78, 76, 76, 0, 0, 0, 0, 0
9.749355792999268, 126, 124, 5, 127, 127, 127, 100, 31, 78, 76, 78, 0, 0, 0, 0, 0
9.760775804519653, 126, 124, 5, 127, 127, 127, 100, 31, 78, 76, 78, 0, 0, 0, 0, 0
9.760804891586304, 126, 124, 5, 127, 127, 127, 100, 31, 78, 76, 78, 0, 0, 0, 0, 0
9.760820865631104, 126, 124, 5, 127, 127, 127, 100, 31, 79, 76, 78, 0, 0, 0, 0, 0
9.760835886001587, 126, 124, 5, 127, 127, 127, 100, 31, 78, 76, 78, 0, 0, 0, 0, 0
9.760848999023438, 126, 124, 5, 127, 127, 127, 100, 31, 78, 76, 78, 0, 0, 0, 0, 0
9.760862827301025, 126, 124, 5, 127, 127, 127, 100, 30, 78, 76, 78, 0, 0, 0, 0, 0
9.790642976760864, 126, 124, 5, 127, 127, 127, 100, 31, 78, 76, 78, 0, 0, 0, 0, 0
9.801442861557007, 126, 124, 5, 127, 127, 127, 100, 31, 78, 76, 78, 0, 0, 0, 0, 0
9.88854694366455, 126, 124, 5, 127, 127, 127, 100, 31, 79, 76, 78, 0, 0, 0, 0, 0
9.88857388496399, 126, 124, 5, 127, 127, 127, 100, 31, 78, 76, 78, 0, 0, 0, 0, 0
9.888588905334473, 126, 124, 5, 127, 127, 127, 100, 31, 78, 76, 78, 0, 0, 0, 0, 0
9.888603925704956, 126, 124, 5, 127, 127, 127, 100, 31, 78, 76, 78, 0, 0, 0, 0, 0
9.888617992401123, 126, 124, 5, 127, 127, 127, 100, 31, 78, 76, 78, 0, 0, 0, 0, 0
9.888633012771606, 126, 124, 5, 127, 127, 127, 100, 31, 78, 76, 78, 0, 0, 0, 0, 0
9.888645887374878, 126, 124, 5, 127, 127, 127, 100, 31, 79, 76, 78, 0, 0, 0, 0, 0
9.905910015106201, 126, 124, 5, 127, 127, 127, 100, 31, 78, 76, 78, 0, 0, 0, 0, 0
9.98294186592102, 126, 124, 5, 127, 127, 127, 102, 31, 79, 76, 78, 0, 0, 0, 0, 0
9.984301805496216, 126, 124, 5, 127, 127, 127, 100, 31, 78, 76, 78, 0, 0, 0, 0, 0
9.984324932098389, 126, 124, 5, 127, 127, 127, 100, 31, 79, 76, 78, 0, 0, 0, 0, 0
9.99171781539917, 126, 124, 5, 127, 127, 127, 100, 31, 79, 76, 78, 0, 0, 0, 0, 0
9.997419834136963, 126, 124, 5, 127, 127, 127, 100, 31, 78, 76, 78, 0, 0, 0, 0, 0
9.997445821762085, 126, 124, 5, 127, 127, 127, 100, 31, 78, 76, 78, 0, 0, 0, 0, 0
9.997460842132568, 126, 124, 5, 127, 127, 127, 100, 31, 78, 76, 78, 0, 0, 0, 0, 0
10.06169581413269, 126, 124, 5, 127, 127, 127, 98, 31, 79, 76, 78, 0, 0, 0, 0, 0
10.062373876571655, 126, 124, 5, 127, 127, 127, 100, 31, 78, 76, 78, 0, 0, 0, 0, 0
10.06847596168518, 126, 124, 5, 127, 127, 127, 100, 30, 79, 76, 78, 0, 0, 0, 0, 0
10.068501949310303, 126, 124, 5, 127, 127, 127, 100, 31, 79, 76, 78, 0, 0, 0, 0, 0
10.068517923355103, 126, 124, 5, 127, 127, 127, 100, 31, 79, 76, 78, 0, 0, 0, 0, 0
10.06853199005127, 126, 124, 5, 127, 127, 127, 100, 31, 78, 76, 78, 0, 0, 0, 0, 0
10.161375999450684, 126, 124, 5, 127, 127, 127, 100, 31, 79, 76, 79, 0, 0, 0, 0, 0
10.207830905914307, 126, 124, 5, 127, 127, 127, 100, 31, 78, 76, 78, 0, 0, 0, 0, 0
10.207858800888062, 126, 124, 5, 127, 127, 127, 100, 31, 78, 76, 79, 0, 0, 0, 0, 0
10.207873821258545, 126, 124, 5, 127, 127, 127, 100, 31, 78, 76, 79, 0, 0, 0, 0, 0
10.207888841629028, 126, 124, 5, 127, 127, 127, 100, 31, 79, 76, 79, 0, 0, 0, 0, 0
10.207902908325195, 126, 124, 5, 127, 127, 127, 100, 31, 78, 76, 79, 0, 0, 0, 0, 0
10.207916975021362, 126, 124, 5, 127, 127, 127, 100, 31, 79, 76, 79, 0, 0, 0, 0, 0
10.20793080329895, 126, 124, 5, 127, 127, 127, 100, 31, 78, 76, 79, 0, 0, 0, 0, 0
10.2079439163208, 126, 124, 5, 127, 127, 127, 100, 31, 79, 76, 79, 0, 0, 0, 0, 0
10.207957983016968, 126, 124, 5, 127, 127, 127, 100, 31, 79, 76, 79, 0, 0, 0, 0, 0
10.207973003387451, 126, 124, 5, 127, 127, 127, 100, 31, 79, 76, 79, 0, 0, 0, 0, 0
10.207985877990723, 126, 124, 5, 127, 127, 127, 100, 31, 79, 76, 79, 0, 0, 0, 0, 0
10.24848484992981, 126, 124, 5, 127, 127, 127, 100, 31, 78, 76, 79, 0, 0, 0, 0, 0
10.28939700126648, 126, 124, 5, 127, 127, 127, 100, 31, 79, 76, 79, 0, 0, 0, 0, 0
10.30069088935852, 126, 124, 5, 127, 127, 127, 100, 31, 79, 76, 79, 0, 0, 0, 0, 0
10.300715923309326, 126, 124, 5, 127, 127, 127, 100, 31, 78, 76, 79, 0, 0, 0, 0, 0
10.30073094367981, 126, 124, 5, 127, 127, 127, 100, 31, 78, 76, 79, 0, 0, 0, 0, 0
10.300745010375977, 126, 124, 5, 127, 127, 127, 100, 31, 79, 76, 79, 0, 0, 0, 0, 0
10.300758838653564, 126, 124, 5, 127, 127, 127, 100, 31, 79, 76, 79, 0, 0, 0, 0, 0
10.300771951675415, 126, 124, 5, 127, 127, 127, 100, 31, 78, 76, 79, 0, 0, 0, 0, 0
10.300786018371582, 126, 124, 5, 127, 127, 127, 100, 31, 78, 76, 79, 0, 0, 0, 0, 0
10.347103834152222, 126, 124, 5, 127, 127, 127, 100, 31, 79, 76, 79, 0, 0, 0, 0, 0
10.3471360206604, 126, 124, 5, 127, 127, 127, 100, 31, 79, 76, 79, 0, 0, 0, 0, 0
10.3471519947052, 126, 124, 5, 127, 127, 127, 100, 31, 79, 76, 79, 0, 0, 0, 0, 0
10.347167015075684, 126, 124, 5, 127, 127, 127, 100, 31, 78, 76, 79, 0, 0, 0, 0, 0
10.457650899887085, 126, 124, 5, 127, 127, 127, 100, 31, 79, 76, 79, 0, 0, 0, 0, 0
10.480666875839233, 126, 124, 5, 127, 127, 127, 100, 31, 79, 76, 79, 0, 0, 0, 0, 0
10.480698823928833, 126, 124, 5, 127, 127, 127, 100, 31, 79, 76, 79, 0, 0, 0, 0, 0
10.480715990066528, 126, 124, 5, 127, 127, 127, 100, 31, 79, 76, 79, 0, 0, 0, 0, 0
10.480729818344116, 126, 124, 5, 127, 127, 127, 100, 31, 78, 76, 79, 0, 0, 0, 0, 0
10.480743885040283, 126, 124, 5, 127, 127, 127, 100, 31, 79, 76, 79, 0, 0, 0, 0, 0
10.48075795173645, 126, 124, 5, 127, 127, 127, 100, 31, 79, 76, 79, 0, 0, 0, 0, 0
10.480772018432617, 126, 124, 5, 127, 127, 127, 100, 31, 79, 76, 79, 0, 0, 0, 0, 0
10.480785846710205, 126, 124, 5, 127, 127, 127, 100, 31, 79, 76, 79, 0, 0, 0, 0, 0
10.480798959732056, 126, 124, 5, 127, 127, 127, 100, 31, 79, 76, 79, 0, 0, 0, 0, 0
10.480812788009644, 126, 124, 5, 127, 127, 127, 100, 31, 79, 76, 79, 0, 0, 0, 0, 0
10.521991968154907, 126, 124, 5, 127, 127, 127, 100, 31, 79, 76, 79, 0, 0, 0, 0, 0
